nrep,I3ueta,I3us10,I3u1,I3deta,I3ds10,I3d1,I3seta,I3ss10,I3s1,I3Teta,I3Ts10,I3T1,I4eta,I4s10,I41,I5eta,I5s10,I51
1.000000000000000000e+00,-3.970481069779179251e+00,1.737517028218622528e+00,5.041642026867210191e-01,-9.582234258632622570e+00,-2.058179831359252532e-02,2.802224747567869656e+00,-1.871546694410384237e+00,7.061216492828251035e+00,2.087710182338913256e+00,-3.792907381030483638e+00,-9.094013750534895024e+00,2.919845708614983160e+00,-1.203893784730041272e+00,4.136531132430896207e+00,-7.087340400351735958e+00,-6.865472806667714423e+00,8.848784034695791334e+00,9.664106014857523519e+00
2.000000000000000000e+00,-9.680379729706537262e+00,-3.037294717048713011e+00,8.651591446383148920e+00,-5.832212172699799524e+00,5.834023525539056010e+00,9.661730110972255758e+00,-1.571575546321135608e+00,-9.616278291105187392e+00,6.256886385855384702e+00,3.421322611478501141e+00,3.008001285315533568e+00,7.410487860077807909e-03,2.487471022011100708e-01,-8.135574219938778384e+00,3.971745791580598706e+00,5.865197679204570136e+00,-4.656608696617214882e-01,4.087003498962930692e+00
3.000000000000000000e+00,-5.335822839993653588e-01,-7.622078331946394059e+00,-9.088417228515112356e+00,2.552591603964240452e+00,-5.436664018238679397e-01,-1.292626049276217604e+00,6.772109412539784046e-01,-5.020478546863578195e+00,2.645200753433296637e+00,3.498946010144794450e+00,5.097823442085596568e+00,9.336513479994170694e+00,4.820197855492105887e+00,-7.620584652325995023e+00,-2.745261326185242101e+00,4.022556800105658859e-01,7.287723433330328682e-01,5.646000548692939880e+00
4.000000000000000000e+00,-3.516739384006699609e+00,-3.417365052538636760e+00,-7.050100145317284017e-01,1.568612216036884277e+00,-6.323884230220486735e+00,-3.602182443325601113e+00,-5.583953240367036663e+00,4.085506495669068983e+00,-8.731761587101743771e+00,8.361093092450484932e+00,-1.277510670513777313e+00,-2.889481282861261491e-01,3.446686822125260008e+00,3.674246883163307942e+00,-1.222361804226401727e+00,-3.260140919948262272e+00,-8.867602356669319619e+00,-2.340333118173705262e+00
5.000000000000000000e+00,-1.091790354000226060e+00,-8.356140231824024767e+00,-2.453386178101342185e+00,-2.854052497667238786e+00,-3.865580148055469678e+00,-4.205244467839581723e+00,7.846676784873023891e+00,-6.184252640602910134e+00,7.323039265815252108e+00,-5.296198611084646402e+00,4.335418703652075934e+00,9.714739378441123563e+00,-3.601423846061551082e+00,-2.616931605054033660e+00,7.608973642541365656e+00,8.079124551328519033e+00,-3.634196550624571032e+00,-8.057808692445638243e+00
6.000000000000000000e+00,6.031390630889448268e+00,9.546335314077277090e+00,9.484627654371386996e+00,-8.291133553636619524e+00,4.476788224260999094e+00,6.354341409974642474e+00,7.636089059169133719e+00,-8.612243701553927266e+00,8.973457591199476724e+00,-7.154339034280976506e-02,2.135674224060668536e-01,-4.729936835473149692e+00,2.413435978024753847e+00,-1.299384017919373857e+00,-9.684920642928000589e+00,2.539155298567339347e+00,3.415418633832167927e-01,-3.349516972825152816e+00
7.000000000000000000e+00,4.210835628243256856e+00,5.293505365136401686e+00,8.655557961553061119e+00,5.456440894295118582e+00,-7.179829298931553083e+00,-2.745374814027443655e+00,-5.444239043434759395e+00,-8.641951112901240961e+00,6.820443137773035680e-01,9.747127704675627058e+00,-2.375749742079085181e+00,-9.645499355805602804e+00,3.132478623031633713e+00,6.891220378722149320e+00,-8.413468862210091714e+00,-3.116266843713573209e+00,-7.377363647191024221e+00,4.864910526035797211e+00
8.000000000000000000e+00,3.185644701955656632e+00,-9.437323640458794571e-02,-8.084429465103546875e+00,-9.226508503392400584e+00,-9.132738419391528417e-01,-8.499445633772751307e+00,6.912938272407642692e-01,8.063741362337292884e+00,2.392815943149573243e+00,4.610921554028692526e+00,4.491457815374449325e+00,-7.549951277638690783e+00,2.659458908062077853e+00,-6.288353913256741201e+00,-1.626078139055053828e+00,2.709327215963446278e+00,3.297792849509137980e+00,-8.808644300629568491e+00
9.000000000000000000e+00,-3.522184441417315348e+00,-8.452389580821680681e+00,6.077847064831017221e+00,9.760362940844025559e+00,-4.661081189831750571e-01,7.528344050740969351e+00,8.838502236858241545e+00,1.806847215143481122e-01,-4.002825792581043984e-01,-3.694739488869573929e+00,5.847506164171367260e+00,-8.512495538880674673e+00,-5.282550426880050054e+00,6.296315897704431563e+00,-1.380881400055922192e-01,9.081517828762255107e+00,-7.750905795174542590e+00,-1.159875833537333811e+00
1.000000000000000000e+01,7.031346778629647964e+00,-7.611272165035510184e+00,6.768843785696285309e+00,1.629246099825789607e+00,2.902430811890943652e-01,-5.214092778363825786e+00,4.567733686340053723e+00,1.195332546174980859e+00,1.090335392713486229e+00,-2.318675711477757861e+00,6.900464874870961829e+00,8.621807749850148639e+00,2.639022347468702456e+00,5.551854671848417411e+00,-7.723333717904301565e+00,-3.222908905259922463e+00,3.531360654727011550e-01,-6.093863515939990094e+00
1.100000000000000000e+01,-5.894461834316510718e+00,-1.076277802609644230e+00,-2.066501642572040609e+00,9.729936269966476203e+00,9.115813257709636019e+00,6.507228295137590379e-01,-5.086736342673030542e+00,-5.544042310504606164e+00,-4.757894676931655908e+00,9.629167241864005078e+00,2.894893166228311721e+00,7.294389563719461123e-01,4.422984213763909267e+00,-3.768676770610279725e-01,6.158774063864025372e-01,-9.742560251652118808e+00,6.923896292059499302e+00,1.492302282477939723e+00
1.200000000000000000e+01,-8.821785315419923279e+00,3.594551098554139568e+00,8.467287839604665578e+00,-9.642059777809011578e+00,7.955920758901346979e-01,6.133376309754563493e+00,7.616067430128139470e+00,7.386064044355769020e+00,1.144187461372498937e+00,2.172367446917973233e+00,1.995157518256398532e+00,-8.789158484753672340e+00,3.071006789966812534e-01,2.259833409178668706e+00,-3.860480288749501554e+00,-3.735329257021997584e+00,6.950409770059266634e+00,-2.542611460941299750e+00
1.300000000000000000e+01,6.173965237597016653e+00,-4.167105727199396092e+00,-2.603171847846053044e+00,-7.125904956241722488e+00,9.348097871297136763e+00,-3.671969341510212814e+00,-4.385480402220414575e+00,-1.437080625699498349e+00,2.062906998380289458e+00,-6.672667150416737414e+00,-5.159700105462601272e+00,-8.802550948472134706e+00,-6.324024985181710967e+00,2.705440405556420735e+00,5.379542786069270832e+00,1.439735996823785502e+00,2.435339725088059293e+00,-2.338541610724820252e-01
1.400000000000000000e+01,-6.852183463676677633e+00,-5.402217652115344215e+00,-6.417747462830867278e+00,7.814629550302982786e+00,-1.975871405471696374e+00,-4.568843877744921400e+00,1.036994593814004606e+00,9.476226160999143389e+00,3.873647287586585719e+00,7.643836884670824894e+00,1.047741343956960502e+00,5.632726256008453447e+00,-1.780488722159059289e+00,9.721070279040098683e+00,6.054571601664875402e+00,-5.529761965962583403e+00,2.946051161011320474e-01,3.989389119625179614e+00
1.500000000000000000e+01,-5.189525012619466970e-01,5.221185028673918538e+00,-5.808981130451518204e+00,-6.291069186726179652e+00,-4.366474717613597178e+00,-5.045962196268021671e+00,4.232846875878044202e+00,7.203892779701009275e+00,1.641325309633889784e+00,-6.924232818027700631e+00,2.849782255569868195e+00,6.297281228247310736e+00,-8.826526032356851736e-01,2.151755354058106917e+00,-8.232273610123552743e+00,7.813593454963346119e+00,-6.925724178576253109e+00,-1.254954315052043690e+00
1.600000000000000000e+01,8.125126724357308206e+00,-5.055646536238997513e+00,7.282221369087878315e+00,8.321420392205796546e+00,-3.305635235875126199e-02,-6.102656252521563296e+00,-1.039546206670241002e+00,-6.184943164234777413e+00,6.017494645563630229e+00,3.608790016291099079e+00,2.288658391539950543e+00,4.138186470094861846e+00,1.006614643279444277e+00,-2.741446972901506740e+00,-3.033947780839696406e-01,4.391526935656364650e+00,-4.727765174909350776e+00,7.408769705870090760e+00
1.700000000000000000e+01,4.949650024782144442e+00,-6.656336961659867768e+00,-3.218464706551631416e+00,-1.372772242156847788e+00,2.445164255350811278e+00,-4.019362158255281869e+00,-2.282391854977461332e+00,9.580806993219946222e+00,-1.955424828599159337e+00,3.304910955223778757e+00,-9.514238551082005557e+00,3.576959875253182819e+00,-3.995736233549562755e-01,-5.495173327514355499e+00,3.334722712709614623e+00,7.997222636162448772e+00,-6.507093763882226156e+00,4.094639335225796373e+00
1.800000000000000000e+01,1.800333294749427715e+00,-5.679661561471793796e-01,3.366568781271375155e+00,6.621178047397902056e-01,8.434395151586413064e+00,-2.645265098086950761e+00,-7.957644456908536945e+00,-1.998271278219923008e+00,-6.735816286023945665e+00,-6.731789023765177404e+00,7.851940381757314569e+00,-5.942303743734093757e+00,2.270618775019550561e+00,-7.824774830485702992e+00,-7.263823399391194258e+00,2.739272772106782217e+00,1.451724167677443944e+00,6.503979928274961075e+00
1.900000000000000000e+01,6.003639215761484849e+00,-6.434877528119464785e-01,9.789268716917653990e+00,-8.688840294422524480e+00,7.424817201623019614e+00,1.314189234820275498e+00,8.536887396423442631e-01,-3.273045285169906560e+00,-5.724826684363712559e+00,2.192522931785461093e+00,4.573942582164809423e+00,6.343650819016861675e+00,2.836437931024555770e+00,-9.132481601960758866e+00,8.253868369266337268e-01,3.726081079442216115e+00,7.433090278929559425e+00,-6.454145042396051579e+00
2.000000000000000000e+01,8.531192221621319405e+00,4.813538978259619405e+00,-6.613989465512528199e+00,-1.364973964431404063e-01,9.838512703125026349e+00,-3.654766909239663963e+00,-2.276734341291701824e+00,-3.583455818674927684e+00,4.260160355021824330e+00,6.486864590462331215e+00,-7.211026004417386837e+00,-2.056595590652723349e+00,-6.326022727445801408e-01,5.218946750222224651e+00,3.299967766877540676e+00,-1.555473754130520803e-01,-6.471417847930251988e+00,-8.932690599469513160e+00
2.100000000000000000e+01,-6.575991605898535042e+00,9.398470746852449764e-01,-3.043455718759324746e-01,6.840077995337439098e+00,2.517551401969879699e+00,4.785158598503798544e+00,4.788665035493274047e+00,6.591393773570395354e+00,4.697830925919066480e-01,9.612133434991276815e-01,7.365984667929883045e+00,-1.974207736016226900e+00,6.908112883774775170e-01,2.903299463192015040e+00,9.473921115503980417e-01,2.856472008321264688e-01,-8.893380211188031126e+00,5.903518035926849095e+00
2.200000000000000000e+01,-6.125347687753952997e+00,-6.057110249904589239e+00,7.809577821588051805e+00,-8.015776741899012237e+00,-7.271827145671252879e+00,9.348022626583027517e+00,-3.654896478401206128e+00,-9.509821121596859328e+00,3.591120657884914191e+00,5.598465083162471601e+00,7.708526778890083975e+00,-7.808326452915479443e+00,2.741713480150476112e+00,6.872763878100531798e+00,-5.477270916642060783e+00,-8.978464298287619272e+00,4.174602856512454885e+00,-7.974751841975933786e+00
2.300000000000000000e+01,-8.744385580144232506e+00,-4.747761822743623128e+00,2.665789015308284160e+00,6.651532450901324722e+00,-2.637198769129094345e+00,7.199366068920127759e+00,8.792147907610001312e+00,-4.299514472188928238e+00,3.715841246186557534e+00,-9.493523252977890792e+00,-9.876995867524060557e+00,5.131675216832576325e+00,-2.251128093489398463e+00,-1.321787647961689682e+00,-1.022669739586985482e+00,7.167577637175465810e+00,-4.447053629114141593e+00,-7.995599294146559899e+00
2.400000000000000000e+01,3.600214158585235413e+00,-3.602724018554634977e+00,-3.762157134322019481e-01,-9.296995369351325422e+00,6.422039744607332956e-01,-8.172179902228005943e+00,-7.055536988760866990e+00,-9.695886227154414172e+00,-1.372514904397248436e-01,-7.541208075971159275e+00,-4.958628878205262325e-01,8.422092257732462173e+00,-2.054300913710138676e+00,-5.518558028381461256e+00,7.557323524736241360e+00,7.707739454144764579e+00,-6.343789380531356770e+00,-5.340067868048492983e+00
2.500000000000000000e+01,-6.495427060018132970e-01,-8.286198064873220304e+00,8.261618206263541708e+00,2.399574348155943948e+00,-2.609706932934081625e+00,-1.647257829009396435e+00,-2.698776170759820126e+00,-8.669804931208753729e+00,3.085128750302892353e+00,-4.127135402463936842e+00,7.000438013520017932e+00,-1.080105559987802888e+00,-2.070715091790082951e+00,9.224520778461492654e+00,6.983309552388861086e-01,-6.062472508245897451e+00,-4.511246893595403762e+00,6.549167573673546627e+00
2.600000000000000000e+01,7.830386372529936523e+00,-8.158360669807307453e-01,8.291908584682373018e+00,2.990036518153316170e+00,3.501256376674719561e+00,-6.342320721002181472e+00,6.115667222397817682e+00,-2.173176924065842730e+00,-2.602157141959764441e+00,3.383022050436073069e+00,8.380061551424390132e+00,7.852825730705133012e+00,4.841457354916041567e+00,-5.160343810908718964e+00,-7.062382826718449635e+00,1.849394553638705752e-01,6.565723233248846213e+00,5.236095926848682858e+00
2.700000000000000000e+01,4.556449772181143665e+00,1.321425380074272571e+00,8.088333232200517031e+00,1.301029123402319687e+00,-6.143266650792824635e+00,2.408474729590004415e-01,6.096535962707156919e+00,6.979668602001078526e+00,-2.355437939000506464e+00,7.171680433066411453e+00,-8.466088377482822835e+00,9.304184560642397628e+00,3.646180851479505769e+00,-3.562925087311805683e+00,-7.570201917945869496e+00,9.404027784491262310e+00,-7.166108077512540753e+00,-3.931938490816406784e+00
2.800000000000000000e+01,8.656756216502037304e-01,-6.534999398037999896e+00,1.307602092465207644e+00,9.427621239178334278e+00,6.647605719867513585e+00,-8.847411085384264240e+00,-5.927328904241302432e+00,6.384067427122143812e+00,2.434192697940984473e-01,-5.553637173475771682e+00,1.175958159536698577e+00,-2.221898281895740013e-01,1.629512003126032393e+00,-1.266995482709354359e+00,-8.178754818992072018e+00,-2.087292222313352763e+00,9.316412599545104811e+00,-6.357601812716710654e+00
2.900000000000000000e+01,-1.801841360160527650e+00,-4.586798929661255464e+00,-5.402157865627287947e+00,-4.300764606988232153e+00,-9.122052360791188974e+00,8.472432561360301762e+00,-5.778821950147698949e+00,-2.816875162580330105e+00,-4.097324774820236826e+00,-3.746351170680348730e+00,6.139367511805411404e+00,-7.144177518820178818e+00,-4.201868351151238912e-01,-3.051525994507457984e+00,3.147651735248886418e+00,1.279453498643157161e-01,-1.497185931751443544e+00,1.884579349121402458e+00
3.000000000000000000e+01,4.333354183469171339e+00,7.075419048737345840e+00,8.570168216375735781e+00,2.588718951488166997e+00,5.381759621094062140e-01,9.276776647400176046e+00,8.793633341533462655e+00,8.833500341630784902e+00,-2.887449660831895581e+00,-1.448420202343008167e+00,-8.619387882836484494e+00,-4.282977239790031199e-01,-6.433911714666833426e+00,6.885719145017803910e+00,6.336843067536901408e+00,7.396820363844773816e+00,-7.907917757274221415e+00,4.916257060644295684e+00
3.100000000000000000e+01,-6.111191567751550480e+00,3.245672876649505767e+00,-7.610147398785427342e+00,4.714743558984791250e+00,7.259556050775060498e+00,1.368222564828001087e+00,-6.616209683132079356e-01,2.305263172579530284e-01,-7.235982972306063132e+00,1.742446236007579863e+00,-2.419607968763541894e+00,5.669123400743758978e+00,-1.135729132914446993e+00,5.272969491507836892e+00,2.069808335820364498e+00,-8.349954924796303857e+00,9.806674782078733443e+00,4.148865825703600407e+00
3.200000000000000000e+01,1.892068516793148358e+00,-8.001527866361550778e+00,-6.590619356917466476e+00,4.404381042023297610e+00,2.819169270310613040e+00,-7.364459751075001392e+00,4.760387779002781983e+00,-3.196481081964797077e-01,-4.760521899655700828e-01,-2.566360714419777533e+00,-9.028230290445065975e+00,1.659056533178164816e+00,2.027544084309689243e+00,-3.908284309869365369e+00,-6.996344763558406399e+00,4.704014926880439873e-01,3.685094390813496990e+00,-5.980770415619653946e+00
3.300000000000000000e+01,-7.515209101301929095e+00,-3.574834118174519126e-01,2.513413382171210131e+00,-1.251736280574127225e+00,5.355925722510148645e+00,1.591749685360244193e-01,-5.126722519943474055e+00,-4.820747002971428330e+00,-2.594147328418270337e+00,-6.449151902543497350e+00,1.959589330457265355e+00,-4.765558569146149281e+00,-1.870113224442260247e+00,1.732565274130077881e+00,-7.033247713043236260e+00,2.777702347117376735e+00,4.871081436615631866e-01,-6.359507210506558650e+00
3.400000000000000000e+01,9.063111444126878524e+00,5.523147257431302748e+00,-5.819686650744144707e+00,7.687704873779748205e+00,-2.722571912497937507e+00,4.872334857775781458e+00,-2.068854657989744883e+00,-7.977504801626822406e-01,5.643363053545300545e+00,4.995093753442636952e+00,-7.771873365347201634e+00,-1.592355456353158338e+00,-1.027884258794831140e-01,6.369607822841169664e+00,4.536036935036273476e+00,-9.925353877851430084e+00,5.774919910948883128e+00,-6.360582374274860840e+00
3.500000000000000000e+01,7.294032314434066855e+00,9.645376697614569395e+00,-4.036179654338429401e+00,7.294338403906055035e+00,4.609545094975793234e+00,8.426101369343502512e+00,2.652623982970903072e-01,-7.863948346274498569e+00,1.387889701188114167e+00,-6.570554997692386046e+00,3.429991199207051977e+00,-1.463261463900389359e+00,-3.215709775689836736e+00,8.186373562874916132e+00,1.525231891018601349e+00,2.242980586780911612e+00,-6.806871703092641113e+00,-9.007068959216020687e+00
3.600000000000000000e+01,-7.149215326404309678e+00,4.707608475167612383e+00,8.169337793402768000e+00,-7.848284795525408697e+00,9.825367372171470493e+00,3.262628461647718581e+00,4.693421058220668129e+00,-8.713677536389994316e+00,5.422749491966767366e+00,-9.133168172659809514e+00,-6.360059226051129500e+00,-1.759201192388275548e+00,-4.663815630862013784e+00,4.504088443571019340e-01,7.908972979867412434e-01,5.466912067242724049e+00,-4.989228959888492021e-01,-1.673257513399999397e+00
3.700000000000000000e+01,-3.111358220751976322e+00,-8.304795118924324981e+00,-2.740675473798626083e+00,5.678621077703189357e+00,-5.879826650117410125e+00,5.457452428686333512e+00,-6.616351096650121555e+00,9.619119341374895882e+00,8.672646565103860894e+00,-2.506008960589631851e+00,-3.364931044923276104e+00,-5.949382131630798654e+00,1.553883835584923823e+00,-8.963878075410924851e+00,-7.722136173505487200e+00,4.739805896857271605e+00,9.444821634138611088e+00,-5.047579899735397113e+00
3.800000000000000000e+01,-3.271071708549937451e+00,-3.580118547621624625e+00,4.668505093003103568e+00,4.136263183331840843e+00,-9.895990952777470540e+00,-8.545017875045964217e+00,-8.056312053948788687e+00,-4.281509360700419542e+00,6.910028781417560495e+00,4.142212774460807267e+00,-8.082297474978137330e+00,-1.958387852055292200e+00,-8.756085370472765916e-01,3.538028168479079305e-01,-9.375275385536752104e-01,2.120111375944928600e+00,1.869816668328521114e+00,-6.603473136301611923e+00
3.900000000000000000e+01,-8.795777626832277818e+00,-8.145307082750619543e+00,9.881521404638062833e+00,7.774347834065304497e+00,2.321288973139929990e+00,-2.476081053484766592e+00,-5.749173562108717661e+00,-5.664196050935355053e-01,1.845180062841589308e+00,7.093017164408741415e+00,-2.983531085796065074e+00,7.859694184980123843e+00,2.231958276625578552e+00,2.114308353830942622e+00,6.898453186667106607e+00,-8.252174352650136768e+00,1.898198959849237699e+00,-8.026925639117379774e+00
4.000000000000000000e+01,9.927220803485205636e+00,-9.955080744412558857e-01,-3.752007242504107332e-01,1.370428058667494398e-01,-6.952969991956980955e+00,-8.601543141390685321e+00,-6.949870604228037152e+00,5.468253836573744309e+00,5.644002022942425256e+00,8.606221652880696737e+00,-1.707054546650417226e+00,4.776758476879598980e+00,3.602305278558561863e+00,7.171009408432014176e+00,-4.956299998293158815e+00,-3.856999211261551430e+00,-4.241987366074322807e+00,-8.823318512173264239e+00
4.100000000000000000e+01,-2.061561706949874839e+00,-8.357346581631119875e+00,-2.042392938244872447e+00,-2.934046191460424335e+00,7.061253043569806209e+00,-4.341570638134895077e-01,8.737549982735179910e+00,7.811644677226965428e+00,9.112941349887249132e+00,8.311300831918886800e+00,-1.736649112549157881e+00,5.609911993287668430e+00,6.328946145898147080e+00,-9.508472024994512495e+00,-1.328698608122893532e+00,-1.084108429720955780e+00,5.885150265519360602e+00,-3.794120354997607691e+00
4.200000000000000000e+01,3.248557306856842963e+00,-9.096005046106647285e+00,5.907210261505175808e+00,-3.928045386474263712e+00,2.837246826083652529e+00,-3.205237768470452497e+00,2.001517780935961888e+00,3.915431949127734512e-01,-7.096785553550663650e+00,-9.231863844536123409e+00,-3.934461305402048303e-01,3.301114424739368669e+00,-4.193668551669984979e+00,-7.409317004332383050e-01,1.859052271447594329e+00,7.470283756035904332e+00,-5.672017304771868496e+00,5.175762870176809471e+00
4.300000000000000000e+01,-9.256777945013816122e+00,1.779553300690839279e+00,-6.924039055825526034e+00,-4.089788687127963840e+00,3.432879589006998522e+00,-2.981099058554692594e+00,-7.946651324258848348e+00,1.568456827360218409e+00,7.392663352486216866e+00,2.147543154629638629e-01,7.026524064683108861e+00,-4.302393350952082862e-01,2.625427665558124346e+00,-7.346556401633170807e+00,-1.913929111975150033e+00,4.788098537038876223e+00,-3.635409747701803251e+00,3.165566272259248137e+00
4.400000000000000000e+01,4.242936827934498112e+00,2.391131357120219736e+00,7.168086559786839729e+00,2.440907860260863593e+00,4.086270015297415625e+00,3.984019378844909642e+00,8.632443277704402007e+00,-9.841191527510751769e+00,-6.025456107877495526e+00,2.896976623386930960e+00,-9.911627644803209236e+00,3.473591795761150625e+00,3.297480188985755234e+00,5.781390050293366834e-01,-3.682718712992014698e+00,-8.027780333721224792e+00,7.200274132999455290e+00,-5.254144323471821032e+00
4.500000000000000000e+01,1.733667475944156156e+00,-9.721287282344306391e+00,-4.607034056164785341e+00,-1.001630284803582960e+00,8.529323848466237479e+00,-8.386862840582887557e+00,8.961798443259283431e-01,4.122298869786524378e+00,2.071371713760066235e+00,-9.302299704027230831e+00,1.325053389381132263e+00,-2.789671708045364795e+00,-2.037845327995368994e+00,-8.305597787018372813e+00,9.255810910062196584e+00,-1.312029207547602550e+00,8.154870639650530606e+00,-6.742168829766796989e+00
4.600000000000000000e+01,9.984483773012387431e+00,6.053222420545560922e+00,-6.320255448098526685e+00,3.397718124276261076e+00,-8.641371433103950395e-02,-7.034169146974686981e+00,5.804420720635383724e+00,6.407743443679134288e+00,-5.896645421892152683e+00,5.264116548256286165e+00,-6.045056276110100768e+00,-5.428836515794857043e+00,-2.687737384409447650e+00,2.265935697228089740e+00,9.813918807652569853e+00,5.051724886500550404e+00,-9.349564306225774502e+00,-9.155112478665676790e+00
4.700000000000000000e+01,5.467350727509899144e+00,8.203245912066506662e+00,-3.336675450536139564e+00,1.007101513749284472e+00,5.528179187125648042e-01,6.477915581669433820e+00,-6.448607023381269343e+00,-1.026909374318363266e+00,5.214252570563344236e+00,8.944605873041869160e+00,6.107044427241281603e-01,-6.336748439812023292e-02,1.559297249899116444e-01,1.266422220579441760e+00,2.755343282650388748e+00,6.319458866241022932e+00,-5.424493318841863143e+00,-7.194145487641740999e+00
4.800000000000000000e+01,-7.214066673510597383e+00,-9.071248766539987685e+00,5.233349311602564669e+00,-8.805509777515625913e+00,-1.655331624174862792e+00,-7.348097655818754959e+00,-1.915400702932990029e-01,1.650878249813159115e+00,8.606259367492203438e+00,-9.452705110473691441e-01,-5.664488128260987132e+00,1.485650590932552362e+00,-2.224152555677161303e+00,-8.244742290285152819e+00,5.562131376207188893e+00,9.787233440104614601e+00,-4.044363664089347665e+00,9.958629306333515174e+00
4.900000000000000000e+01,4.285196829079134240e+00,-1.314905809207151943e+00,-8.595789417204513505e-01,2.379616697893272015e+00,-6.288748028017674407e+00,7.129480688623333506e+00,8.605516237618942910e+00,-8.073165873456979114e+00,6.504790139751635003e+00,-1.195453102692214387e+00,5.529030313800609164e-01,-1.536955063783058684e+00,-9.927014263063504984e-01,-4.396257678622717435e+00,9.347728126655141523e-01,6.312676110377819505e+00,-1.947088320007246409e+00,3.220784510667482614e+00
5.000000000000000000e+01,-8.806761815941626992e+00,1.633281200123852805e+00,-9.684161401597977559e+00,-9.123321912298131053e+00,5.397055237223757906e-01,-4.274357210978097399e+00,-6.893662034922578563e+00,-4.099316976625222431e+00,-4.958518652248056213e+00,1.922763911410689808e+00,-7.622139074309277618e+00,2.884616005772728808e+00,1.042327603858730356e+00,8.057612178292810512e+00,-6.705504815760725990e+00,-5.299084724137461677e+00,-3.773426340830094983e+00,-1.940877038534873922e+00
5.100000000000000000e+01,4.865204331811387561e+00,6.470419485914835178e+00,2.885413418346740588e+00,5.568398101113897880e+00,6.660784607320899831e+00,-1.100359161812112241e+00,9.684320378289590359e-01,7.779805709396803159e-01,4.918361830856630590e+00,-3.134985875362430452e+00,-6.676104408519654143e+00,-6.236465514174252434e+00,-4.524716976764997511e-01,-1.210676956743681476e+00,-3.536566652506998309e+00,3.519196170938594381e+00,-2.168496751932518229e+00,3.938198309120564122e+00
5.200000000000000000e+01,5.429846871633752237e+00,5.499053218580010061e+00,-5.467144808183464377e+00,1.257321906588488858e+00,8.727702614557697913e+00,-3.472716248239633430e+00,-7.723024557518749944e+00,6.624860488879146914e+00,3.121784126801063763e+00,7.300980009977056540e+00,-3.914375766685322944e+00,-9.326124750668491004e+00,-1.192941346900937560e+00,-4.447530557790539518e+00,7.400388366966243581e+00,8.499335023105782483e+00,-6.229956161640801682e+00,4.384525237826961686e+00
5.300000000000000000e+01,3.114360173332759718e+00,-5.289196121611206003e+00,8.941081337001355323e+00,9.432953983185743851e+00,-1.632826423815905148e+00,-3.935127197667944721e+00,7.307185127735200680e+00,9.352316740072396328e+00,-2.317897111978612923e+00,-9.963755881074906284e+00,6.982337855198819554e+00,-3.739392860530776908e-01,-3.473986951181498029e+00,5.993278211680519441e-01,5.651539695036824185e+00,-3.213544283105060906e+00,6.707680364367936576e+00,8.804107393415582905e+00
5.400000000000000000e+01,4.358773824239177586e+00,-2.159402161948351662e+00,1.983351021221384514e+00,-1.623089586668815532e+00,9.077567670757886731e+00,2.949924870283751055e+00,-3.086611858129109098e+00,7.812245480925348318e+00,6.449414425476613921e+00,7.309460316318987516e+00,-8.706991538585684864e+00,1.099394279490928383e-01,2.734230371388342018e+00,-5.974453861284409584e+00,4.988670417794558887e+00,-1.679784799608905477e+00,1.919511647312952540e+00,3.488680426887802444e+00
5.500000000000000000e+01,2.783775436155540017e+00,-9.769686105735093662e+00,3.483261968937969577e+00,-4.249096259864475478e+00,1.727542714516243638e+00,-3.818163498747904061e+00,-6.308354756084384007e+00,-4.944136056178221494e+00,7.107116316132245259e+00,3.909896855002041871e+00,-6.878589171882745212e+00,-2.058776715730668005e+00,1.595596006167565584e+00,-8.509588847274923040e+00,4.131832980759078566e+00,2.486561328835972251e+00,-2.246854536121678514e-01,-7.587789037997954011e+00
5.600000000000000000e+01,3.005384939168336267e+00,3.104590174256287582e+00,9.131160918604944499e+00,-1.187946535022132988e+00,-4.651952740896112104e+00,9.546148076806295180e+00,-8.163436238600763062e-01,7.016032095171489402e+00,8.989999475173933163e+00,5.157400299724228532e+00,3.225320348872344756e+00,-3.512237799866038124e+00,2.561257346873098140e+00,-7.583381553218262461e+00,-1.376328293974493633e-02,9.526855240090256416e+00,-8.540922199474659138e+00,5.431278004814689808e+00
5.700000000000000000e+01,3.324994359562605251e+00,-1.741532025311403054e+00,-8.628325800448813254e+00,9.326626827780803985e-01,8.079207790406561784e-01,-7.961041439867322822e+00,-4.393009878942429225e+00,-4.159020322500220246e+00,-8.613867430268850711e+00,6.248367935701526932e+00,6.260139434967777916e+00,1.567046729488159595e+00,3.173226173001235662e+00,7.387551290011177940e+00,-6.109978687901998384e+00,-7.606699944425825421e+00,4.172762938473830729e+00,-8.512423200421837421e+00
5.800000000000000000e+01,3.081999928534706612e+00,-9.948634227637572991e+00,7.538394084509041804e+00,-7.561872480076603509e-01,9.566584667727092040e+00,2.250637426864712243e+00,3.203964477416509915e+00,3.371913439169866855e+00,4.976047896943088134e+00,6.735576673657850399e-01,-8.921324973463729435e+00,1.908955723226528622e+00,3.598410913635303743e+00,-9.661906815525240333e+00,-8.809344089517219700e+00,9.483135039096753260e+00,-2.362862586408989163e+00,-1.681774996733638172e+00
5.900000000000000000e+01,-4.377625154722084133e+00,8.136783863490686386e+00,5.027563330383943985e-01,5.897326600537693864e+00,7.366135413920544828e+00,1.924352248247189756e+00,-4.649837907261713532e+00,9.046319294056230476e+00,-4.940427803282676500e+00,2.204304170708248911e+00,-1.565400277268169660e-01,-2.481787366773768877e+00,2.853331415738715737e+00,-2.909188492338883325e+00,-7.344863202010118997e+00,4.450831892891402575e+00,-7.047609649822542011e+00,6.221194820536092962e+00
6.000000000000000000e+01,4.925932341449597018e+00,-7.698840105447979809e+00,-9.550931833519531011e+00,-1.726780325729457832e+00,-6.315878557584326813e+00,-6.753961160064781311e+00,4.660809758416131210e+00,-8.996907520578134587e-01,5.183039567145984350e+00,-3.294727874088978492e+00,8.321515027267283315e+00,-7.235481021770613808e+00,-1.455424397446429818e+00,-1.308461970583030265e+00,4.565677331668542394e+00,4.226938741925694742e+00,-5.061019659393535264e+00,-5.447658231000430007e+00
6.100000000000000000e+01,-7.537761393949145017e+00,-3.541931452629363264e+00,-8.293654343899154568e+00,-2.520439045804772071e+00,1.160049389164559130e+00,1.425409580945906640e+00,-2.643358407221585438e+00,7.880286389377086920e+00,-7.012939909499897873e+00,-8.604505851786514725e+00,1.999507446370138997e+00,-1.853124741392651043e+00,-4.592834658245856794e+00,4.918335408064413272e+00,1.698965053255241386e+00,1.118573328305350056e+00,-2.490438365891793904e+00,-2.291779169479659650e+00
6.200000000000000000e+01,9.507263938788581115e+00,-7.330348135900686124e+00,7.555190672178335731e-01,3.032995236906108616e+00,4.189132397872839420e+00,6.160578357168966512e-01,-5.351962370284675252e+00,-6.858684537469478926e+00,3.236449019445784003e+00,1.237622942079992239e+00,-1.931811293114675809e+00,2.838699401476587614e+00,-2.119321888933534126e+00,6.975718687000183493e+00,2.828386156766504733e+00,-9.727837566006458658e-01,-3.936773638620905125e-01,-9.555123741168857876e+00
6.300000000000000000e+01,1.191043752104989917e+00,4.140187795309502761e+00,-9.319105428743654329e+00,3.492134432247062659e+00,-5.264999952082494161e+00,-9.787061371862810333e+00,4.842017915432927921e+00,-2.966029343238441029e+00,4.872429960487503209e+00,-6.537541172407815182e+00,3.579685895819113561e+00,-8.541932326070913462e+00,-5.636120425437933790e+00,8.668924783475297602e+00,8.644633292631024091e+00,-4.188064805931251300e+00,-3.228172815312815302e+00,5.049733326187664240e+00
6.400000000000000000e+01,-9.205264854725543344e+00,-1.050757480209865147e+00,3.134078712583052706e+00,2.362316643893174195e+00,4.982745695668302943e+00,-3.017743683595415227e+00,-6.438655608362364724e+00,-7.824339035536109321e+00,7.346486551565345025e+00,-4.350005743459819385e+00,7.116366690183506094e+00,-6.223959638669185779e+00,-6.071323266344297309e-02,-6.621503359777321407e+00,3.727226015416573723e+00,2.662984202583449367e+00,-1.662279740473016076e+00,7.613822279540627846e+00
6.500000000000000000e+01,-3.027857907807058879e+00,4.352772981018468990e+00,3.222521117410710456e+00,1.099127470831384734e-01,-2.056026188901094454e+00,-2.809193691665734516e+00,-8.637676357433175411e+00,9.035288057965534136e+00,-6.902150038253209274e+00,4.271021700727248849e+00,-9.161678898482190192e+00,-6.791369590744911200e-01,-2.927587145975882876e+00,-2.689801491449415050e+00,7.208240383493629722e+00,3.668063741243485776e+00,-4.110690786391657525e-01,3.900417643011897528e+00
6.600000000000000000e+01,9.815655859189035937e+00,-8.641060802487247727e+00,2.190713331294731336e+00,-6.993937172708958983e+00,-9.572624608840968108e+00,8.811811024306248186e+00,4.441328427423110625e+00,-8.024071054722801577e+00,-1.536811877654340464e+00,6.316082272945613418e+00,6.772232526251126927e+00,2.961510361916352974e+00,3.436185062350143316e+00,-3.938724902128081240e+00,7.162833978426830228e-01,-6.183869920587856228e+00,8.189163321862853451e+00,8.446095039498921153e+00
6.700000000000000000e+01,-8.114326783455982905e+00,2.761057668051729586e+00,9.758942234485752820e+00,-3.736642978497093370e+00,6.315952577342653917e+00,3.197376213561420322e+00,9.667194127552816596e+00,-4.120844458234347307e+00,3.918547903588520676e+00,3.869420685658542247e-01,-9.477974598925955618e+00,3.789312158734385871e+00,7.950350524261873275e-01,-4.980593600650573549e-01,2.577010114329962853e+00,-9.519429882535915155e+00,7.900277949329126415e+00,7.926279405768918984e+00
6.800000000000000000e+01,4.538163669833816805e+00,6.376157485122748270e+00,5.343641776226513151e+00,2.609555160253154149e+00,2.961355519446409179e+00,-2.172024942843808759e+00,-2.847759655418546920e-01,8.781095061438673355e+00,4.265797894519492317e+00,-7.054704202850712313e+00,2.454537286833544663e+00,-8.115894390248170609e+00,-7.982823198788402408e-02,-4.294823430937714903e+00,-8.357497247658063344e-01,7.514317136925763307e-01,5.120735228033694852e+00,-9.633445588954433703e+00
6.900000000000000000e+01,5.459987148543317126e+00,-5.284195411695389311e+00,-9.012488035307143264e+00,7.626542131527589419e+00,2.894611533936795045e+00,6.330603410219717730e+00,7.279158463872019702e+00,9.843444747506779891e+00,8.393173055642977332e+00,-2.259938851642209201e+00,2.615209509610667560e+00,2.999139225944715825e+00,1.628033179927270702e+00,-3.499085840878330966e+00,-1.888447016674108525e+00,3.276088472632248116e+00,-4.646178444761941861e+00,3.372209298492445662e+00
7.000000000000000000e+01,-4.075929782310656613e+00,5.039675501644438782e+00,2.562755781577519265e+00,-8.072744409104085861e+00,-3.070623858276879670e+00,3.432396101496328900e+00,8.060344922578991600e+00,7.317194698565292477e+00,-6.682055190197287331e+00,-9.993322368489023333e+00,-7.907237067050871815e+00,-4.561079613286644907e-01,-5.419038821990948662e+00,5.246816669504927866e+00,2.975186367713382740e+00,-3.462637834541721915e+00,3.445588120344516003e+00,-7.250487041208297789e-01
7.100000000000000000e+01,-7.661649353965291454e+00,9.632188575545661990e+00,-3.020930155621373014e+00,7.737948764547830649e-01,6.063539335486689552e-01,-7.170293528969631680e+00,8.421639117322392565e+00,8.703528121746471058e+00,-6.038022290602635955e+00,6.000932030582606380e-01,6.232844379732684459e+00,-1.490941110254619950e+00,-1.093712144853733470e+00,-8.040225052602667510e-01,6.046356746774000257e+00,-1.748025703231579353e+00,3.312990856055393341e+00,8.323102876222487900e-01
7.200000000000000000e+01,-9.092182396934205713e+00,8.878746781251052766e+00,-7.651569255026471339e+00,8.066065378341185976e+00,7.694538517346893869e+00,3.225386884562846390e+00,6.295759421683280621e+00,8.198565420461097375e+00,-8.310627681413840229e-01,4.449330939164624077e+00,1.379430738703337767e+00,-3.699787534841196823e+00,1.080118976290525001e+00,5.912686557463455728e+00,-2.109705028768475987e+00,-5.515409390141066126e+00,1.643145525481264357e+00,-5.367645970524135279e+00
7.300000000000000000e+01,-5.429607728705450498e+00,8.931134458330356907e+00,2.236030644365918363e+00,-9.317299952325884149e+00,3.208434444287799892e+00,-5.206794828327073077e+00,-9.630579982817078388e+00,8.939662074428317950e+00,-3.878164718845862335e+00,-6.389787900490109251e+00,-5.930946115050687695e+00,9.756867151532384597e+00,-5.583026498098382362e+00,9.154617309236277478e+00,9.492841032042672822e+00,-3.811777377766021324e+00,-7.791176180935705631e+00,3.408632797375446000e+00
7.400000000000000000e+01,2.519745724630428896e-02,7.455190758113383609e-01,-2.855688150940154379e+00,-7.793013716776644451e+00,-8.072956335377563519e+00,-9.964203298782726037e+00,-8.621556310284436364e+00,-7.073676584536614520e+00,-3.865918793562910238e+00,2.502051157565421402e+00,5.673453280711564517e+00,9.597322165309375208e+00,-1.488213010062964248e+00,7.190820337478021074e+00,5.835683612945112841e+00,-7.576025500874239427e-01,-7.324133919161502249e+00,-6.394317928860702160e+00
7.500000000000000000e+01,5.221060366950673881e+00,-3.949232727910334528e+00,6.109410435791029492e+00,3.753369075699364288e-01,8.800062088383224790e+00,-3.428692084415791985e+00,-3.744023813525694244e+00,3.935956347768132524e+00,-8.887298627866812240e+00,8.848738493518970571e+00,9.356674870370951247e-01,-7.136047126295350651e+00,1.027600363332605848e+00,2.875041508902294041e+00,-2.576078511828061579e+00,-1.965966510012178148e+00,1.168075409602620240e+00,8.818786366755102080e+00
7.600000000000000000e+01,3.265966663390438285e+00,-7.622976049892510986e+00,1.184599193177358067e+00,-3.946861710555427116e+00,5.976793875570551862e+00,5.263479134525120173e+00,-8.708780625541571396e+00,8.156576537769717916e+00,2.133297669664435681e+00,-3.331997136527500292e+00,-1.879210028855005099e+00,3.060283271523225324e+00,4.662010131872573737e-01,7.131746337557953730e-01,-1.715734510271824664e+00,-7.947377045646732974e+00,9.570954013893299361e+00,-4.238181873490463047e+00
7.700000000000000000e+01,-5.390138527807366131e+00,-6.568560935939096623e+00,-8.649538237488019199e-01,3.864222302221476113e-01,-3.012862215127249943e+00,-5.907778421931475066e+00,3.397783761549302284e+00,-3.491412702549419045e+00,8.078451792209225601e+00,-5.683958574756573512e+00,-6.740545457511504246e-01,7.332389097094704766e-01,-2.611129960120313065e+00,-1.668332720272680536e+00,3.084407433421363365e+00,-5.161928840319118805e-01,6.640902400560930730e+00,-5.267781102307431240e+00
7.800000000000000000e+01,-8.363048145112269793e+00,-1.350086042200813186e+00,-3.396537420133443064e+00,1.261168550420637136e+00,2.024247656453299626e+00,-1.360439384145413211e+00,2.812266345985738880e+00,-2.134030569745413164e+00,-9.505544264561557100e+00,-6.580303715821300692e-01,-8.186921489989515521e+00,-8.548730036380867148e+00,1.907841377638843650e+00,9.059717700542280205e-01,-9.036935901306982544e+00,-9.279696974518278907e+00,9.441623710727206742e+00,6.506974622759981841e+00
7.900000000000000000e+01,1.158031610597753946e-01,9.404403759752854697e+00,-3.574639420950402879e+00,-2.014625660001960750e+00,6.523617367204677109e+00,-5.801786189804387206e+00,7.751203314238432895e+00,-9.881857689682307821e+00,8.955889997352770138e+00,1.903076467298849828e+00,-5.936811133125832640e+00,8.607404913699545190e+00,5.652230512505438398e+00,-9.969896923068793271e+00,-1.795306554141389288e+00,-1.126553598988868643e+00,1.491882375491859758e+00,-2.350619990611357846e+00
8.000000000000000000e+01,-3.814890811142461757e+00,-4.687952683409235988e+00,-6.351436600166335822e+00,-8.037580991612784942e+00,7.858491771942119897e+00,1.293887910759874416e+00,9.386929065921041371e+00,-3.538167420755744530e+00,6.938235833901140737e+00,4.863969648580257044e+00,-9.810915632925425456e+00,-2.034380596443114975e+00,2.403285599677531525e+00,9.419872417958409017e+00,-8.877124933437087861e+00,-4.351714724096620301e+00,-7.171599829680211258e+00,-8.720529985192797540e+00
8.100000000000000000e+01,-1.517036817073817989e+00,-8.517477060672218769e+00,-5.032924624635118249e+00,-5.850810964582793261e+00,-4.766565029487384031e+00,7.861236465584453548e-01,-9.142333773271740682e+00,-3.196481410550249258e+00,2.454251558039712844e+00,2.533379052170696699e+00,8.580722697331237825e+00,-8.266457680802400176e+00,1.653217639346449275e-01,-4.045177914560468935e+00,4.707076630675215867e+00,-4.146411574420804769e+00,6.770238688526433180e+00,8.966597382789291970e+00
8.200000000000000000e+01,-9.675425453095156669e+00,-9.381033857793141806e+00,8.828455514947549432e+00,2.170610906625123349e+00,4.757321283750972185e+00,1.805597561762930514e+00,-3.598537806481418855e+00,8.912572158846352011e+00,-7.811875402870818164e+00,-9.778262214187517287e+00,9.905609931252941536e+00,9.165288288446678422e+00,2.862895935419360605e+00,1.051934734846358133e+00,-8.700716739720405712e+00,-4.090262727047271341e+00,-3.016905569973824530e+00,7.675084512263026681e+00
8.300000000000000000e+01,-5.307409092091650571e+00,1.751778720568035741e+00,-4.833557362726617512e+00,-6.762257839197145515e+00,-7.091978132020127390e+00,9.213996789109760499e+00,4.705424861180002694e+00,-8.356358736749669447e-02,3.143634035518139136e-01,-1.605317130941517068e+00,1.700417271686180953e+00,-7.487833650985020739e-01,-1.426909972806869042e+00,6.727370119631990164e+00,-5.340649730587645472e+00,2.682742711998025165e+00,-9.471883423679885894e+00,6.980936069485452755e+00
8.400000000000000000e+01,-9.643331622038143536e+00,-3.817840737938145157e+00,-8.956990740621598945e+00,-1.998035001869484795e+00,-4.842543887024115534e+00,2.651861637064039101e+00,-9.259620158949354973e+00,-3.719042390572167012e+00,-7.027388431355097609e+00,5.719866212593180954e+00,3.650914082205585220e+00,-4.741394869864381079e+00,5.319758298131409546e+00,-4.489322555113155033e+00,-7.976890335683530786e+00,-4.517974564281354688e+00,8.271424143238860438e+00,-7.739780122425232278e+00
8.500000000000000000e+01,-3.478958074947722245e+00,-5.568207856171502712e+00,-4.289768351883259001e+00,2.169842316254682046e+00,-9.620050167521966955e+00,6.204139799725152393e+00,4.774786435749305724e+00,7.728416845883144148e+00,7.755961818076224645e+00,4.544494894922408434e+00,-8.862446749810826141e-01,4.696343256377232933e+00,-1.790560083817582804e+00,8.711705745958530756e+00,1.931373476347022500e+00,2.675319026827718272e+00,-6.971333834747501790e+00,-7.261943330078453052e+00
8.600000000000000000e+01,8.044497821608159072e+00,5.752687141894647915e+00,-9.960812679659792224e+00,1.873366210724940473e+00,6.581439880835075584e+00,-9.873318055843530061e+00,2.708275613106090329e+00,3.880294824748797833e+00,3.007845256533039358e+00,-3.370984154703884350e+00,8.016028399429831808e+00,-4.157466917733200873e+00,-5.051726944828116572e-01,1.411820145664310910e+00,-3.496601617367596226e+00,3.755742188423707439e+00,-4.568536082182353297e+00,5.881811861944963304e-01
8.700000000000000000e+01,7.540557311945774721e+00,3.234884126508279500e+00,-6.304996296624089780e+00,5.431914008513061276e-02,4.854128626825593429e+00,6.991462871750844243e+00,-8.043610308096090122e+00,7.648978238183254952e+00,-2.340140829612780138e+00,1.775536342450791949e+00,6.388839697459564704e+00,2.704792658776298264e+00,5.388308440481628381e+00,-3.532407215525610322e+00,-8.218301342391406195e+00,-2.715718654630263629e+00,7.208250907963524412e+00,-6.920402241553316181e+00
8.800000000000000000e+01,-6.839414047379119843e+00,-3.521902274327399773e+00,8.086367719740895410e+00,4.838316375004056979e+00,9.662208918646923550e+00,-1.653959503231083872e-01,5.932239933154010991e+00,3.140382834636004095e+00,7.241655089139504398e+00,-6.347943280593058013e+00,-1.518873932384814385e+00,6.235680975331217013e+00,6.345271011146014217e-02,-3.300723693939850989e+00,3.947397233903799929e+00,-1.555140892710327183e+00,2.019179195603775234e+00,-4.438135975330157024e+00
8.900000000000000000e+01,-4.489571395245654628e+00,2.996671345259047659e+00,-3.043463420087846316e+00,-3.830175823819474967e+00,9.996288446539512762e+00,1.129268590705145847e-01,7.363920836171081064e+00,4.700073735702854805e+00,5.684889938597246228e+00,-6.948801724744808617e+00,-4.213219615552294961e+00,1.287953683975155972e+00,-5.730087566842636093e+00,5.086203406579617337e+00,4.940457861295435293e+00,7.969477826766744322e+00,-8.306183050188959527e+00,-8.530703024581248073e+00
9.000000000000000000e+01,-1.661228454595002901e+00,-8.839717374238752257e+00,-8.094741543706929221e-02,-1.333966992337702884e+00,-5.080927150239689105e-01,8.533446304992285292e+00,-5.930178170216279909e+00,8.375853831445960296e+00,-1.887294991300929592e+00,5.592905805047081458e+00,-4.641097791605108824e+00,3.071891454162321011e+00,-3.403675715919263212e-01,-9.026483880547409022e-01,3.071707273279344896e-01,5.171237436428565815e+00,-2.633364429747113711e+00,6.773662558023030300e-02
9.100000000000000000e+01,7.285895248536609081e+00,8.758965287566571334e+00,-1.481351388058895768e+00,8.376131172941541081e+00,5.506089023975684782e+00,-3.146025408042212312e+00,1.156137137796608982e+00,4.894729838621780793e-01,8.155683466524529024e+00,9.442509287407212071e+00,1.211345348671721833e+00,9.093098331199874096e+00,4.218575371757566472e+00,-1.649596604226124530e+00,2.169572729631137342e+00,4.694921673547391983e-01,-3.533273753216090718e+00,-6.722699098857427558e+00
9.200000000000000000e+01,7.472352901494700994e+00,8.250892689580369144e-01,2.759281177704138166e+00,-1.445189890263536281e+00,-5.479933425106152001e+00,-9.724241757547799736e+00,5.509319264343335298e+00,-3.585732824699714438e+00,8.403412939516186064e-01,-1.951191696952392363e+00,-3.173556495461864468e+00,7.319948390109525249e+00,-1.556730381462347879e+00,1.239694632303214306e+00,2.854545710742262266e+00,2.083747251615959417e+00,-3.152678715382455366e+00,-2.400216433289981133e-01
9.300000000000000000e+01,3.859507370015258232e+00,1.606539495649457194e+00,5.224744084935581512e+00,-6.458909636025014223e+00,-4.276156753617739170e+00,8.890807368265328137e+00,9.053386133823176252e+00,3.272533999571798358e+00,-4.539047683341612682e-01,-8.029266267114781641e+00,1.826292253725361192e+00,3.577403871199158480e+00,6.078216112458290077e-01,-9.301588545875263847e+00,-2.755062868405482313e+00,6.617875854993336304e+00,1.327917114232659568e+00,9.251246937951975724e+00
9.400000000000000000e+01,-3.067923003303540952e-01,5.743920900938896956e+00,-7.938794776026925071e-01,3.022992528469918838e+00,3.438790547858028290e-01,6.858537596496605104e+00,-9.342059083867779279e+00,2.057634831054477864e-01,-7.602229526827199990e+00,7.052202780785881586e+00,-7.465457603661970865e+00,-4.051557360793022866e+00,-4.572539598070246569e-02,-3.242538355143895767e+00,7.817758187412824356e+00,-3.806370667998977275e+00,6.317082626193382566e+00,5.109727613139067870e+00
9.500000000000000000e+01,9.679494140119436096e+00,-4.057536532953025521e+00,9.349022369458271697e+00,-3.772305542239378084e+00,-8.707117499177314812e+00,9.987950651540844049e+00,-6.052633602838700000e+00,-4.354755516402120108e+00,9.380198275488549342e+00,6.582480409385365050e+00,4.920510987448443174e+00,-7.321730570979338992e+00,2.573648317349297443e-01,4.716479130539679154e+00,3.644229397692753114e+00,-3.209533391995287310e+00,-1.582463554840927156e+00,-8.532645301306367003e+00
9.600000000000000000e+01,3.480277727960015000e+00,-6.347302116006350303e+00,1.903679310782779854e+00,-1.679212980463065108e+00,-9.249021962673637631e+00,-8.283978851400878085e+00,7.720819086462991088e+00,2.292886459133645083e+00,-8.386662868621375111e+00,9.461805970146521361e+00,-1.367665343148734003e+00,6.408179905888102823e+00,3.081520579179881647e+00,1.120022251829178028e+00,5.736732853931469478e+00,-6.434636945057993884e+00,1.267536165312486141e+00,-9.160351716429556035e+00
9.700000000000000000e+01,-9.453725381382072079e-01,5.745212769021761368e+00,2.690468556775642561e+00,4.720651150851809419e+00,3.065103691032033950e+00,-9.474555832116426934e-01,7.085460312455689191e+00,-4.666255560486094467e+00,-7.706053589729968678e+00,-5.517152566994949936e+00,1.742353608251701047e-01,-8.837187619376333458e+00,-3.171241695503670410e+00,5.593411602045488706e+00,2.172328078844567578e+00,-2.823515188965115552e+00,1.960553044544988133e+00,-8.851333299166215696e+00
9.800000000000000000e+01,-1.842248063652864865e+00,-7.403842162425641860e+00,5.841948373286638407e+00,-1.218291350998008671e+00,2.804151802270125060e+00,5.323898757760647804e-01,-9.865447660393167340e-01,-8.287114176024905632e+00,6.455507914428356031e+00,1.598218454751472173e+00,-7.395859586830910715e+00,3.316124526182360199e+00,-1.272502753517898988e+00,9.569481682416840940e+00,4.849959463946107441e-01,-3.983600692447442082e+00,-2.448588451918252140e+00,-7.877931412000613420e+00
9.900000000000000000e+01,8.458438904222759902e+00,6.319673245081693480e+00,-5.262806827111070618e+00,7.204451280700774340e-01,-2.454151115967146968e+00,3.356074081424820221e+00,-3.964178343183752951e+00,-3.838253842554117945e-01,-6.801110381595569798e+00,2.741343282825157157e+00,-9.168421316667563659e+00,5.756617657845380265e+00,3.943181054445006328e+00,-8.939894727848628264e+00,1.380696333912494467e+00,-1.082098273797704735e-01,-9.061826707956854854e-01,5.079527530724393003e+00
1.000000000000000000e+02,8.786917478286393468e-01,4.218176965176708038e+00,8.032505145200383723e+00,-7.093148727053833369e+00,-5.204854629351894246e+00,-9.262716905443642901e+00,-3.654279848996890845e+00,-1.600406597687964450e+00,-7.463578139780220333e+00,-7.321285803827414895e+00,9.041370560528624978e+00,8.373578406138765473e+00,-3.062056599598355078e+00,4.043374443494601067e+00,6.348672653667179588e+00,1.582065100508354138e+00,-8.051008999556486856e+00,4.407490799198647835e+00
1.010000000000000000e+02,-6.640894334931736864e+00,6.018973719602760397e+00,6.818141803613062990e+00,1.604117028579850057e+00,-6.471254557751995762e+00,-1.726599883990271866e+00,2.399078840347588226e+00,1.330873737533271317e+00,7.536357991144471136e-01,-2.756270047575464233e+00,-2.182776772507777352e-02,4.189330825962437999e+00,1.293633327213610240e+00,-7.446825613825920342e+00,-4.996721817808349897e+00,5.935788382064965951e+00,2.853553894900857646e+00,3.086365445181011857e+00
1.020000000000000000e+02,-6.822866702796190452e+00,3.750973970656334977e+00,9.695735673214702643e+00,-4.533089163716392811e+00,-6.453978049987263432e-01,-1.642914699157076441e+00,9.386849469088122788e+00,5.634111179641074330e+00,5.987176985427950626e+00,9.154529387069272772e+00,-4.440999842654971275e+00,1.128422541825602199e+00,4.985946482141063285e+00,-2.313964769506278163e+00,-5.410508126309261812e+00,2.718632063532986365e+00,-6.804858390278254454e+00,3.553100535532411897e+00
1.030000000000000000e+02,-8.171628289172918613e+00,7.959501427212687830e+00,-3.339872229472089504e+00,3.194196444150327885e+00,9.056997391637018779e+00,-8.347318045264485065e+00,-1.053937942387075388e+00,-8.844007015993181398e+00,2.944022577636613569e+00,5.288322880165514661e+00,-4.150380060964611317e+00,7.145288073550957186e+00,3.058625691222611742e+00,-3.755982029725768445e+00,3.978613372490129585e+00,1.184231500046428742e-01,-2.274578450150883668e+00,-7.568309501731766531e+00
1.040000000000000000e+02,-8.741286226161159689e+00,7.787129111240429502e+00,9.892778427372796557e+00,-1.261072244341350235e+00,-4.122997946262978886e+00,-6.616071002209487517e+00,-6.059077207088190420e+00,2.355821644339546328e+00,9.290182943736187582e+00,-4.870537027944403796e+00,-6.421735834951607380e+00,3.590502408184059746e+00,-2.107192431402611366e+00,6.093369438700895202e+00,-1.733342650012106301e+00,-1.874778547682420804e+00,-4.004060792951829484e+00,1.233935150447476037e+00
1.050000000000000000e+02,7.379861238825748515e+00,-6.814824372200767755e+00,6.413908478866670038e-01,-1.097451286099231371e+00,8.109067696488200028e+00,-4.340831904567831856e+00,-6.383253861263122886e+00,-8.106414434640495159e+00,6.006618440514519541e+00,3.461454593836603699e+00,-2.603394010967239325e+00,-6.786138428025210168e+00,-3.894628129227286628e+00,8.132744187623497822e+00,8.284443186764395506e+00,3.500383376487614662e-01,-8.028409325835623278e+00,-3.894829891869255878e+00
1.060000000000000000e+02,-6.355058964330031479e+00,-5.139248236762066213e+00,2.564456916161566014e+00,7.898099376586326770e+00,8.880215568507379587e+00,-1.184891006160737614e+00,-9.235189403861735258e+00,-8.994065368387541781e+00,8.413113803876765218e+00,-1.179727326925426034e+00,9.034640553044173572e+00,-4.624752535247433904e-01,2.170751868532130313e+00,-8.318498043960332211e+00,3.638763924939021344e+00,1.940109301422709986e+00,1.070672621737236430e+00,-3.401836713259682732e+00
1.070000000000000000e+02,-4.825882038990554790e+00,-1.741902763324154613e-01,-5.820283270134662956e+00,-6.434329783276375281e+00,-6.978223889999179974e-01,6.699218863622786735e+00,3.400784951319957283e+00,1.800083124166098614e+00,-3.729080677175788949e-01,-3.618357722318865655e-01,4.830019414411976797e+00,-7.475428084332325085e+00,-2.563726613990076064e+00,7.591978500109339834e+00,2.455900097567942364e+00,-7.491668120283369703e+00,5.994466932074267618e+00,2.549919779451312873e+00
1.080000000000000000e+02,-1.808338280155157296e+00,-1.663349673889813474e-01,7.364144024822176782e+00,4.333391095711291996e+00,1.194844128356074009e+00,6.680208398062350561e+00,-2.240690522495669690e-01,-7.673223218465865969e+00,-1.475338761472899662e+00,5.879442723875403232e+00,-8.186792461771803531e+00,6.014012360051587791e+00,-1.490107693544140410e-01,4.746125833420729023e+00,3.298617515972626091e+00,-5.981565567740276812e-01,-5.161266739963645378e+00,-1.411835040646685080e+00
1.090000000000000000e+02,1.812030314585328927e+00,2.776021490441034079e+00,-8.429642587545844279e+00,3.177456723454870069e+00,6.842107288470677950e-01,-8.484193805535532817e+00,5.063822481334135261e+00,-4.052656618772843444e+00,7.895781575812943487e-03,7.746769980767909125e-01,-9.686835990093275228e+00,-7.689871626463302690e+00,7.629248665259580342e-01,-5.486989793002903681e+00,4.709360198166279154e+00,-5.295549711935634285e+00,7.786902299692430418e+00,-6.639448861667222701e+00
1.100000000000000000e+02,-1.946954949083994357e+00,-9.833952491765005632e+00,7.617944616155634563e+00,5.180585788618197185e+00,-8.572740442648630221e+00,7.535249850307883079e+00,1.666291457376174456e+00,4.623439832250266335e+00,-2.093138029358929675e+00,-2.220800225794758997e+00,8.863641456961619980e+00,-1.844955111166302064e+00,-1.540877860520311060e+00,-2.154321864376633755e+00,-1.133561352273495526e+00,9.064971750781340987e+00,-4.616501024933339359e+00,1.544373794352988938e+00
1.110000000000000000e+02,-5.315288742627632956e+00,-2.057833266233974889e+00,-2.381961440157278620e+00,-7.146535505044577796e+00,-6.579813936305239253e+00,-8.854221972898223214e+00,8.986694396240764604e+00,4.674480991951812214e+00,-6.567832190931435221e+00,6.662222060122791056e-01,-4.500072257407095044e+00,-6.843800403935322407e+00,6.602203082712931881e-01,2.681491909307267552e+00,-2.595494651500134253e+00,-9.068284074213742940e+00,5.232815268126820740e+00,7.453531039247001111e+00
1.120000000000000000e+02,9.630537489836639153e+00,3.190596099565283783e+00,-7.561973434748210821e+00,9.297284686276528376e+00,-3.212950543826240679e+00,2.767179177936009982e+00,-8.455298947938583609e+00,7.540400874249146845e+00,9.749894890906563916e+00,8.559104163601954696e+00,7.460702109117205438e+00,-4.132626456866601572e+00,4.155645298272132138e+00,-1.593816653376491921e+00,-3.776164541136761699e+00,1.346176911847511981e+00,2.641433871242080400e+00,-8.059396266820197496e+00
1.130000000000000000e+02,-5.508220750373893360e-01,-6.499884219191987000e-01,9.633109178486582991e+00,-1.537957147901265476e+00,-5.413157218142437443e+00,4.562264682028798646e+00,-6.202414225974499651e+00,-4.096863705227010044e+00,9.280509571316674311e+00,-1.306307950114047323e+00,-6.398694993717704449e+00,-7.616974393268058918e+00,-3.568071028685131374e+00,3.667434262269062550e+00,5.042536386032780982e-01,2.850518388123548519e+00,-1.910727279490591624e+00,-7.492121172267385276e-02
1.140000000000000000e+02,6.411316075110702783e+00,-7.301304457333932518e+00,-7.765600613345194247e+00,-9.247815362863914146e+00,8.680807240233775701e+00,4.762245837460432618e-01,-7.578695517745568822e+00,-4.375979673062413866e+00,-6.286894506198832389e+00,-1.075822576094163097e+00,-9.660379705483171264e+00,-4.683260137670568923e+00,-4.593672944592801954e+00,7.838907585420400892e+00,3.902404536181895978e+00,-7.387035592934747541e+00,9.141648326074754749e+00,-3.754080929715455373e+00
1.150000000000000000e+02,-8.276960701017033628e+00,6.042717432080124240e+00,6.592385530836086360e+00,-6.780622169363976326e+00,-4.966479801066833843e+00,-8.063008257943417689e+00,6.951236193481216574e+00,-6.795025970702974760e+00,-3.943641233009438363e+00,5.310887152109044607e+00,-4.747186181811359873e+00,9.286959597490618279e+00,1.959597808364572646e+00,-4.254673652645220017e+00,-1.744789014018448547e+00,1.650220107659794433e+00,4.124425723769277852e+00,2.841372982785013157e+00
1.160000000000000000e+02,-1.584859097881787804e+00,4.899715584446373562e-01,-4.604460401506528910e+00,8.856517202340963735e+00,4.081441735251374325e+00,1.959323172065179364e+00,-3.279194930823752241e+00,-2.738378029745849318e+00,-5.421178670800472332e+00,-5.272222242987285590e+00,-6.867335028324359492e+00,-5.830299029852388237e+00,-8.261326825267243379e+00,9.353431331723001563e+00,8.112173637847881480e+00,2.334788181642220017e+00,-2.916601366512847626e+00,-2.145018269369809438e+00
1.170000000000000000e+02,5.542296051427967996e+00,-9.446088533910216967e+00,-3.625506500034489932e+00,-9.836104315854068858e+00,-4.782967377397289610e+00,6.676457707981340306e+00,-1.421322478675191014e-01,9.985197997344275933e+00,-6.406484579946047475e+00,5.546809995178831443e+00,-1.213598042241210706e+00,-2.929809947723429620e+00,5.650217441405613883e-01,-4.347742688455871196e+00,6.856992420163359192e+00,-5.471431522279493365e+00,8.742655519135482223e+00,7.621153327978024805e+00
1.180000000000000000e+02,4.970687858778964241e+00,9.602036892611122809e+00,-9.704850382879520510e+00,1.078290383041939915e+00,-5.219335311291497526e+00,8.384857846746324839e+00,8.145923129912425509e+00,4.901433816062108484e+00,2.830690106139521767e-01,4.089333187013721727e-01,4.408608098122690500e-01,-5.729546860161116584e-01,-1.628163282203334283e+00,6.320618149542626796e+00,4.085037465148369407e+00,-3.617003162989147480e+00,4.598835919150845442e-01,-4.354011939045243196e+00
1.190000000000000000e+02,-6.737656453022533576e+00,2.516821462865836967e+00,-9.355853302879278743e+00,1.717758648828879853e+00,1.413845897940779750e-01,-7.915758260108645139e+00,5.863928770422091041e+00,8.476468009531590297e+00,7.938669047483739583e+00,-7.253856320203489361e+00,6.065263638751638986e-01,5.609343303369080935e+00,-1.117958967853620589e+00,-3.606383578836858117e+00,7.152488870966395851e+00,-4.329599856864019713e+00,7.126531132317808215e+00,-7.297773950734447013e+00
1.200000000000000000e+02,-2.087991130930511030e+00,-4.060664784953562645e+00,5.659623404766702670e+00,-3.868021090912512339e+00,6.752522126090831911e-01,6.713008074777757628e+00,7.611745077206872878e+00,-1.568104569762940326e+00,-1.053193325667838298e+00,-1.195049135691765851e+00,2.917312054607850147e+00,-9.856828124223171450e-01,-7.855976661085750656e-01,2.897334516388472281e-01,8.396725285789806037e+00,-7.415816371022678766e+00,6.366111573826554348e+00,1.384586189145082802e+00
1.210000000000000000e+02,1.918525814647511485e+00,9.275323193156776114e+00,3.630950665261016841e+00,-8.821454512846676366e+00,-2.253843701834170599e+00,-8.233324146798077336e+00,-8.532498958545675194e+00,2.288081531577010885e+00,-8.866023816085117915e+00,4.234981476549548596e+00,-9.527496187147077578e+00,6.840737138059331812e+00,2.622837184312263314e+00,-9.321819215920101875e-01,-7.813525309624196780e+00,6.470092108851668300e+00,-9.143497730828842762e+00,-2.758512041243899038e+00
1.220000000000000000e+02,3.789661477177834747e+00,6.906781248044508992e+00,-8.394867979651055023e-02,-3.890387780862518685e+00,6.996518788181869120e+00,1.945382762307727997e+00,8.369227646696232981e+00,-7.460756450817460639e+00,-1.832609156110922566e+00,-4.934995751467308622e+00,7.377197502480314917e-01,3.589542190405541344e+00,-2.664635330585487516e+00,-1.548169052995003181e+00,1.563075479986861804e+00,2.335071664660470780e-01,9.927280959696485496e+00,8.203646536682814627e+00
1.230000000000000000e+02,3.023640150574122831e+00,-4.880697552910087111e+00,5.068782358414861022e+00,-4.904347047703991436e+00,-6.838011676104553516e+00,-1.220847215895686233e+00,3.127692248092786009e+00,-7.882156249042506779e+00,5.197281419920658507e+00,-6.190373723534201567e+00,1.783476462286943676e+00,-9.654076380295249393e+00,-4.212239225030582901e+00,4.368008227359744922e+00,7.009836544294516969e+00,-6.131627282561420422e+00,1.094365030808022166e+00,9.112395710520859282e+00
1.240000000000000000e+02,7.284130114144460322e-01,-6.091470103417919724e+00,8.070664434128305587e+00,-9.960716687280449122e+00,-6.739019381460044755e+00,-9.675780476884929371e+00,4.011231448551622059e+00,6.988232075788292086e+00,8.338515430584632071e+00,-4.148253573246258874e+00,-3.567359489982024900e+00,2.044873553714565695e+00,-1.949844302254104544e+00,6.062322875609456041e+00,-6.156587074536885140e+00,3.226157061917123148e+00,-3.224123097871494092e+00,-6.052238512791663361e+00
1.250000000000000000e+02,8.655670771974852684e+00,2.150597966231797553e+00,8.945883809547384047e+00,8.127707733486083441e+00,6.775108220722323438e+00,7.246062968063398557e+00,-3.687124866773847653e+00,-5.416901166653643074e+00,6.217465235726420403e+00,-5.362581913224726549e+00,1.971425478794297526e-01,-5.421885929597431542e+00,8.691172734208185702e-01,1.113969561596379609e+00,-6.900679462990555457e-01,-9.210804656862919160e+00,5.213564255316455842e+00,4.035267371095667244e+00
1.260000000000000000e+02,5.819107480382143649e+00,-1.909745348320639469e+00,6.494867578038525657e+00,-1.675566987557739473e+00,-2.845547103375880571e+00,7.254481553255205384e+00,-3.829234403769350426e+00,1.159545131264860807e-01,-5.800316852367009446e+00,9.791604341818995749e+00,9.030098865036961797e-01,-2.330135317710901877e+00,4.714063524170302166e+00,-9.712197131368009551e+00,-2.677496267516517037e+00,9.784697097212593064e+00,-6.813968867580346256e+00,1.353685000391788851e+00
1.270000000000000000e+02,-6.062534619228423516e+00,8.213406122187391745e+00,5.361146479591905489e+00,2.068412130231322976e+00,7.857062418450451169e+00,-1.193575673329709819e+00,8.199394687866885079e+00,-2.483487181150625389e+00,4.584147105715077331e+00,-4.026627566288166093e+00,-1.949504820370666636e+00,2.405866310876303427e+00,-2.924202102732134101e+00,7.203020684779217753e+00,-2.055333649697113074e+00,3.745901166940084348e+00,-6.544323998797587194e+00,-5.378396400623872253e+00
1.280000000000000000e+02,-6.826907314443744212e+00,-4.544172094597773714e+00,7.618328553911593026e+00,8.139495184797196359e+00,2.011012383643075996e+00,4.544875498520561941e+00,-6.766692198268300373e+00,-4.322694910545679114e+00,2.243870703892374419e+00,-9.657988046484272004e+00,7.971187502407437009e+00,8.229302695804796564e-01,-4.211450408598595985e+00,8.293149895657819570e+00,2.526190733151090217e+00,7.301623251615452226e-01,-5.017761743936944185e+00,-8.638128369049711708e+00
1.290000000000000000e+02,-9.843060507663468073e+00,8.215629905886512319e-01,8.976859323836150040e+00,-2.648047450859811747e+00,7.717714808862590203e+00,-5.976194171215571949e+00,-9.990264717308095399e+00,-3.379677124988871295e+00,5.207665419391918071e+00,7.825409771462688013e+00,-6.039960467221683338e-01,8.202357348813027471e-02,3.620082156749173663e+00,3.821165647433397705e+00,-9.041098865004517648e+00,-2.083489609661026698e+00,-1.069398508663415015e+00,-5.645613876830635647e+00
1.300000000000000000e+02,-1.838964100065298979e+00,-4.664315376334031704e+00,-2.199061366558863195e+00,2.730095247013102355e+00,9.518663042902906213e+00,9.155051078119132768e+00,3.100208547736598153e+00,6.180392077469212708e+00,-6.425628678798069870e+00,5.844231200238159118e+00,-1.472260883309948198e+00,-9.205297849784408015e+00,9.714713765262072975e-01,-6.564193470606598524e+00,5.348371743069744610e+00,-3.830614229596807085e-01,6.250608878872469631e+00,1.674214595104595027e+00
1.310000000000000000e+02,8.777061129764332392e+00,-4.254787555630796803e+00,-7.295635149977419687e-01,4.298552011981202625e+00,-6.122313546411726648e+00,-5.695775190936314125e+00,5.214038701806686937e+00,2.076696768750907474e+00,2.509790342998379220e+00,6.471940567692351820e+00,8.469063226854478543e-02,-4.625605471240592514e+00,4.083953866015368916e+00,-4.201465909815516042e-01,-8.149299115724566889e+00,-3.683410502166435396e+00,4.825448886588721287e+00,1.137991667632327619e+00
1.320000000000000000e+02,-1.048372072961440971e+00,-4.158925270207229907e+00,-3.994132186921950378e-01,-8.020241637849068184e-01,3.712561122170607852e+00,2.479862244370427682e+00,-4.863335889082112118e+00,8.254969468502459939e-01,6.349931517519237900e+00,6.390587155050337920e+00,-7.402775376976706845e+00,6.656715561849948060e+00,1.937171349243163032e+00,-2.333528576735932614e+00,1.948048699876185896e+00,-5.108974230910390268e-01,6.215246685863795584e-01,3.237829899884623330e+00
1.330000000000000000e+02,-1.176566034275130512e+00,-3.444934401575430183e+00,4.491513385365609068e+00,1.989814474910276410e+00,-4.931874202545656338e+00,-7.663803817324835066e+00,-4.339870891013786647e+00,-9.837515091207906792e+00,5.987350472979871441e+00,1.438142327015325961e+00,-1.855008264248110272e+00,-2.038006108040082420e+00,-3.081061205882895671e-01,7.567722337606317851e+00,-2.786605474057766152e+00,-8.599204828053732541e+00,1.713655096957178436e+00,5.109207302691229913e+00
1.340000000000000000e+02,1.939147560798921699e+00,-7.382082429019525271e+00,-6.118980041048045493e+00,-7.880564590927219726e+00,-9.572913185037478456e+00,8.562786726011765381e+00,-3.905900611806336631e+00,1.985446397613221947e+00,3.290060145149291682e+00,-7.934265797451711677e-02,4.396472210138815839e+00,1.651510238216882254e+00,1.968961272801927898e+00,-2.187682810717905824e-02,1.798943307805060954e+00,-8.645776639243432982e+00,5.693444940006546773e+00,-3.299875704586725522e+00
1.350000000000000000e+02,-3.280081304589788083e+00,-9.859641469673643854e+00,7.983381328438010627e+00,-4.311454611245835622e+00,-7.907452797672743117e+00,-5.613513681912700726e+00,-7.479941850720985386e+00,-2.069391574707659665e+00,7.870293384981184026e+00,-3.716500834166946987e+00,-2.111113730193798776e+00,-6.458420137335718181e+00,-2.722913364726451402e+00,5.586513314114789353e+00,1.444076303206094369e+00,-9.308655723278409511e+00,4.844887532352666781e+00,9.673202356392058832e+00
1.360000000000000000e+02,-7.845450577318080931e+00,5.705668925691133708e+00,-6.458756406940057815e+00,-5.596059440372931348e+00,-5.291165539173354304e+00,8.141240918511076785e+00,-7.455716561814186960e+00,-4.951730927365520785e+00,3.571437406724389252e+00,2.930971567964006930e+00,-2.820519765050244487e+00,5.467024775231196898e+00,3.799403707157735788e+00,5.076079007982108315e+00,-8.566625879181168912e+00,-3.149670644064201941e+00,-7.933158135603983752e+00,-3.431938207226667981e+00
1.370000000000000000e+02,-5.425353296967116989e-01,4.301236574694399906e+00,-3.452434898057898938e+00,4.309603077110599756e+00,-4.035646701493038613e+00,-4.264992878439399782e-01,6.507995409415747723e+00,1.360749720923375428e+00,-3.720728252125162783e+00,-2.380686095932469382e+00,-4.707103599771667035e+00,-9.105251620438840732e+00,-3.008654728633803899e+00,-9.428301438647650912e+00,9.626195184677639460e+00,8.913018928820635622e+00,-6.078921344364141000e+00,8.260361375304492881e+00
1.380000000000000000e+02,5.606693781371989260e+00,-7.145030079265344725e+00,7.768511975948262815e+00,-1.783939038620661055e+00,2.906785110566991737e+00,-3.300364582139707625e+00,-4.090655500700368208e+00,1.604691514462386337e-01,-4.348861747549905843e+00,-5.729274410867864376e+00,2.791363479385511326e+00,-7.629355959368901985e+00,2.625254717445129060e+00,-3.776139603435912928e+00,-5.658739266040459626e+00,-4.652946009193792420e-01,-1.002739314230955969e+00,-7.035524834527217664e+00
1.390000000000000000e+02,2.106266810940140566e+00,-3.314166233570079445e+00,-8.210353395310134417e+00,-9.678083087945474006e+00,5.037640347627389659e+00,2.882315473111716209e+00,-3.326920298207616256e+00,1.643328296099950681e+00,-5.063553732010386277e+00,2.422392492849263501e+00,1.086568448146292276e+00,9.490326282608709363e+00,1.654968037001691705e-01,-4.927035269528856176e+00,7.224428911096660855e+00,3.733313541097875721e+00,-2.553003473579011917e+00,4.603272120514764865e+00
1.400000000000000000e+02,3.834135663698257090e+00,2.022945096206918425e+00,-9.099078411309477588e+00,-7.184967154426291636e+00,-1.442183668799712493e-01,-3.787708957374056329e+00,2.859765010226946735e+00,-8.248530371602456057e+00,-9.417620267817003565e+00,-6.138984925043191154e+00,-9.784199665520937117e+00,7.122049325323351887e+00,-3.476154870099277261e+00,1.872212190058990533e+00,-2.619964365728897349e+00,8.408607617144838287e+00,-5.938432334130492762e+00,-5.239435736633833329e+00
1.410000000000000000e+02,6.136619459051795289e-01,-9.942061888121580537e+00,5.568321476511490786e+00,6.555350522250558143e+00,7.230483192597993991e+00,-5.761596195877080717e+00,-2.314477377033514749e+00,-4.744616169037496611e-01,2.078814912499895584e+00,-8.038879763390232469e+00,-8.458276518716893122e+00,-5.806643804791733032e+00,-4.285507816789353441e+00,1.933830541021128724e+00,-1.298034052253629334e+00,-4.337767289648497560e-01,4.083682938275909891e+00,8.818286296595307050e+00
1.420000000000000000e+02,3.170333166660601609e+00,4.277421007562740130e+00,-9.032138014498269030e+00,9.245326528370302555e+00,-3.813147919011410369e+00,-6.587508019398504722e+00,6.484046996672248042e+00,-3.897824638097446837e-01,-3.390295173796258332e+00,-4.561914085525293316e+00,2.827629885645266405e+00,8.219509268174288508e+00,-3.012957278867438582e+00,-1.012833420486531910e+00,5.526638837383758940e+00,8.878713919202150251e+00,-8.728507636737916187e+00,4.262869293583348984e+00
1.430000000000000000e+02,4.467342694654885094e+00,1.675483418352252674e+00,-9.143844863217577057e+00,6.362406509582207548e+00,-9.525991330485046760e+00,-8.649079052659416789e+00,3.086019396342245535e+00,-8.107986354040278343e+00,6.932688941569433716e+00,-2.292578178105904030e+00,7.014305115218776976e+00,-6.754972657074129749e+00,4.165425988836863880e+00,-2.857649206403689579e+00,-9.935390252293094804e+00,-5.136679558635773191e+00,5.714152899204545832e+00,6.221911902938826344e+00
1.440000000000000000e+02,4.866535717733164290e+00,7.801868074352629634e+00,4.811478913944746694e+00,8.840839675352960114e+00,9.018888973017302746e-01,-6.452563504866160038e-01,7.999161238993604428e+00,8.461031266506298110e+00,9.384537481818204796e+00,5.571334118797171442e+00,-2.056185527345297803e+00,-5.788424668837944154e+00,2.182448359253545966e+00,-7.996834603350732706e+00,6.799569059120225134e+00,1.691491178851656230e+00,6.245883283878006509e-01,9.824939722050873847e-01
1.450000000000000000e+02,7.694108220279605170e+00,8.900325545616196266e+00,-2.945987980472222212e+00,-7.033840701858156130e+00,-6.212744030614825164e+00,-7.111094534239876808e+00,-3.322632540004177848e-01,9.245188125244750310e+00,2.655624986684972377e+00,6.661399069080930602e+00,9.625196589048012896e+00,-7.883801315391010256e+00,5.915454107646700876e+00,-1.409216920654108307e+00,-8.097406985948200742e+00,-6.497355123309778158e-01,-5.867817166294964082e+00,-3.135531954531782795e+00
1.460000000000000000e+02,-3.643496270399566583e+00,2.925382819494091180e+00,-7.603657429248123378e+00,-7.868430476417911379e+00,-6.276400836219393042e+00,-3.002247464724594472e-01,4.991895964440056233e+00,6.642583219655129767e+00,2.915012288390936845e+00,-4.407797151695850957e+00,-7.846217491603217908e+00,7.094323881618200822e+00,2.859997619495158183e+00,-7.274570125496275352e+00,-4.368347062589981178e+00,-4.428953263003032603e-01,7.115354006299137168e+00,-9.276888991466535117e+00
1.470000000000000000e+02,-6.832710340868944243e+00,-2.573777069676697060e+00,-1.273134830870952250e+00,9.489252393463662116e+00,-8.747858071444428063e+00,-7.941553280951465510e+00,-6.066989736440298486e+00,-8.918870869271774637e+00,-5.415519666665575826e+00,7.893735515542310566e-01,9.949328389194217692e+00,5.349270257127556327e+00,2.296787565080797844e+00,-1.917695900800551190e+00,-6.869556732514013220e+00,8.251481305557755164e+00,-5.754661680544841396e+00,-6.924794080837695098e+00
1.480000000000000000e+02,2.938897886274596249e+00,-8.157766915979847155e-01,5.421632946413468268e+00,-4.150826017649729138e+00,7.761227947393393833e+00,-9.165414405206870896e+00,7.797440245293946859e+00,2.842552708441967724e+00,-5.646120436833190759e-01,4.370593753357027822e+00,-5.877337150972383739e-03,-1.299043782141022785e+00,2.355256972393884318e+00,2.836979095517224714e+00,-4.114802423649591034e+00,-1.532685570471319370e+00,-6.200916087028400803e+00,9.409278383620215180e+00
1.490000000000000000e+02,6.455666177844571862e+00,4.091660042294485322e+00,-5.737783804073124827e+00,7.666265025775564901e-01,9.410912381931041182e+00,-9.549693389850794745e+00,-6.579585187806147317e+00,-3.024904407270592177e+00,3.119268929383922639e+00,-6.677230781987297803e+00,-6.045619126137977695e+00,3.812576922356643028e+00,-9.139936012228888629e-01,-4.605667033766557950e+00,-1.838707681588369613e+00,8.385445669433002180e+00,-6.779551098440088630e+00,7.312526858265533392e+00
1.500000000000000000e+02,-3.808643856781406267e+00,6.959104823038706478e+00,4.597220252605200841e+00,-2.383255741833361085e+00,-7.484080691691969989e+00,2.644054789393639471e+00,-1.153150305763244177e+00,-2.213855340310888486e+00,5.171887898254645677e+00,1.658856179707552947e+00,9.300137355281457019e-02,7.438425885676327454e+00,2.107730142313124500e+00,-1.579143596945744576e+00,-8.305774275336075263e-01,2.832786978766579367e+00,-6.889216163734444009e+00,-4.690316274674444230e-01
1.510000000000000000e+02,3.606650839311658086e+00,8.087156122217431076e+00,7.037221550876715526e+00,-1.042575882018057509e+00,1.956671744010713976e+00,-1.116902315027954451e+00,-1.116619599582022726e+00,9.502689781454376927e+00,-7.088239587855495571e+00,-9.918260698425099164e+00,6.783700022246756944e+00,9.821699672228394462e+00,-2.379818551052270692e+00,-9.027164433052046633e+00,6.033845860430878005e+00,7.937785083463866798e+00,1.179048496022327974e+00,8.463651108852104699e+00
1.520000000000000000e+02,-5.724897523797356058e+00,2.173306424408338877e+00,9.543880674746318959e-02,-4.221319856488077171e+00,9.035807099415343657e+00,5.196978202514703327e+00,-5.961745464406488892e+00,8.763658132970578052e+00,-7.891625993019646401e-01,6.173386947743903619e+00,-4.210848772942528129e+00,5.372377153602885258e+00,2.396873272143746902e+00,8.601110774991016505e-01,-1.111724707036327864e+00,-5.851807588656274817e+00,6.866793034362769887e+00,1.998593905236749624e+00
1.530000000000000000e+02,-4.896365976002805098e+00,-1.199109526620878441e-01,-5.679095237184927925e-01,2.474823731481343714e+00,4.887594957753265135e+00,-1.473847006782504909e+00,9.339826459135521119e+00,1.514279758595458159e+00,9.570299119014450184e+00,-8.203957182585037700e+00,-2.790138877941417128e+00,2.131397450260561488e+00,-3.374627989520158078e+00,8.413681063209626387e+00,-5.273767302710076876e+00,-3.501302426602339590e+00,1.120511214872750294e+00,8.904832254802570901e+00
1.540000000000000000e+02,2.755736153347454476e+00,4.551401171048516936e+00,-2.870676575790231944e+00,-7.019239259636722572e+00,-6.969194994886242611e+00,-1.369702149532625590e+00,-3.776953880945703723e+00,9.789012844939335878e+00,-3.806747792195686042e+00,7.695360545277615927e+00,-5.616367167745757172e+00,-8.150993844057663473e-01,5.878339886397698777e-01,-4.871993741865148664e+00,2.991384408570341158e+00,6.080225325890635801e+00,-5.193932930682947813e+00,8.323789152188517448e+00
1.550000000000000000e+02,3.629704158789772706e+00,-9.091934507036551594e+00,-8.017557132778952322e+00,9.540392989987211081e+00,-1.856518069723342990e+00,4.018107418159777566e+00,4.018996387718345886e+00,-4.082952309837686755e+00,7.952792869770195949e+00,2.696544320925911009e+00,-3.878113135020317959e+00,-1.880326450395273241e+00,2.527516445204303075e+00,-4.968051626082639061e+00,-3.512918630471295600e+00,-3.248795008385152450e-01,3.029296826142038324e+00,4.315059872812494035e+00
1.560000000000000000e+02,2.946081077459727915e-01,3.528930481689236398e+00,-1.723503956580736407e+00,-8.958606491809565142e+00,9.606447620673419507e-01,-4.107118533390292647e+00,6.956928971927675676e+00,6.607172142537973691e+00,-7.575822295388270788e+00,3.636522023862842623e+00,-3.163291975978954618e-01,-8.638984101289304718e+00,-1.525315606724262363e+00,-3.942818355614645665e+00,3.903473589669634869e+00,7.975713910699681719e+00,-5.026061867371134362e+00,7.697015862247480911e+00
1.570000000000000000e+02,6.723657566169771727e-02,-2.702293583628812002e+00,-1.491206746921385218e+00,-9.354279857919998165e+00,9.964095564911763958e+00,6.844594623552024970e-01,7.266353309269877769e+00,-4.684413610326902955e+00,5.272865687067835871e+00,-7.813638006632879218e+00,-6.469059837291148973e+00,6.562586638363527847e+00,-3.130317740107020352e+00,7.895864899016878269e+00,2.138061591728923627e+00,-8.500504080559736053e+00,1.914224979584440156e+00,6.979477630898028195e+00
1.580000000000000000e+02,-1.692028821770359404e+00,-7.460639444010248589e+00,-2.948230346845652772e+00,4.217995487174079905e+00,-3.258880607839071963e+00,-5.898468775468010961e+00,-5.867597293353541410e+00,1.657881173526376539e+00,7.964613667695090271e+00,-9.341162794432333882e+00,-3.331197674794768027e+00,-6.109180608056920647e+00,-5.481417798964787202e+00,5.289538283226288939e+00,4.587212020171920202e+00,-3.908624382955361298e-01,-4.947629929919079572e+00,8.724737068951061048e+00
1.590000000000000000e+02,-6.097689501078455976e+00,-2.086105721280415715e+00,3.916009923918128965e+00,-6.050004086420210925e+00,8.078870010229056930e+00,1.048185402433823299e+00,8.786842681368760566e+00,1.283313849491469760e+00,2.616467871999792472e+00,-4.845940589761674744e+00,-3.699199361795126872e+00,-4.598178924012774615e-01,-2.797177852705556855e+00,-2.811441995688499507e+00,9.757765672503213139e+00,-1.709125653734915318e+00,5.373843507902491545e+00,-1.098730656966369068e+00
1.600000000000000000e+02,-9.390765671658751756e-01,-6.984757737661744237e+00,7.813688916356515968e+00,5.594170068436621790e+00,-1.499605122207123831e+00,-9.566563164051370194e+00,7.683484279764158487e+00,-9.353246152343643871e+00,-3.375869457706310861e+00,-5.500214924149795515e+00,6.408308502450830169e+00,-5.941720113570907458e+00,-4.072199704684271282e+00,6.029606016888671149e+00,8.881684576545600507e+00,-5.406912587796868230e+00,1.991751210398551297e+00,-7.071480727312984271e+00
1.610000000000000000e+02,1.321149514195203434e+00,1.301693696605159545e+00,-9.645664274204177602e+00,-4.961275661095458922e+00,-5.426603388801405359e+00,-9.366631387773580286e+00,-2.145555278950825873e+00,8.015275808743103525e+00,2.358469240572858006e-01,-7.808684466461044416e+00,-1.959599257300848052e-01,-3.815762950112364660e+00,-1.641038040716398250e+00,-9.450711974875343202e+00,4.031962823514105843e+00,9.153044206261700566e+00,-2.457941022231124872e+00,-3.326726936519635025e+00
1.620000000000000000e+02,-2.234390635768750411e+00,-4.145010431975959975e+00,2.894262144437409479e+00,-6.211254270222214657e+00,2.218005780561453921e+00,9.161019693920293250e+00,5.895438729237052478e+00,-7.319419320998998835e+00,5.067150123498502801e+00,-2.177560806727008025e+00,-3.771663944750740516e+00,6.771493217813526755e+00,-5.004482641683516420e-02,-6.466725231128456208e-01,2.828969512981522882e+00,-5.246861887542380032e+00,6.054325063112131033e+00,4.572937967308643437e-01
1.630000000000000000e+02,-8.267414190365741433e+00,-7.735611505014063916e+00,9.707329223306778943e+00,-8.633374019858655046e+00,-8.496901016866193146e+00,8.073577418065834621e+00,-6.311756388022427444e+00,1.313544488481808159e+00,7.473366149201869924e+00,9.028738113125371001e+00,1.321754721374690522e+00,3.320601681564943064e+00,4.342157267866060266e+00,-3.694372468112088193e+00,-2.404835799902502735e+00,-5.722121643222206622e+00,6.398525014679155021e+00,6.507273062176553324e+00
1.640000000000000000e+02,6.751053137318030473e-01,7.767272356673737832e+00,5.077757538360605949e+00,5.153738827292246860e+00,8.306229715586335161e+00,-1.464803076693630413e+00,2.565291676449297231e+00,-7.549266183357181248e+00,4.643537940324444335e+00,-1.924210173250535671e+00,-6.897624005120701618e+00,8.056031407846530712e+00,6.539763105394724718e-02,-7.458374599521371273e+00,4.473505473765784224e+00,1.975978391190205130e+00,4.058396624595699720e+00,6.181204567819307272e+00
1.650000000000000000e+02,-4.395355221875735907e+00,4.703467208131899113e+00,-5.811242928413657971e+00,-8.969521302707647692e+00,9.969095306615631813e+00,6.117559099952765145e+00,2.953066301196849430e+00,-9.745635139052243545e+00,-3.897839636949618214e+00,2.616851023127853004e+00,8.709660852843823520e+00,7.734122755515409509e+00,2.878773039163984304e+00,2.901769441692625406e+00,-1.060284545133043377e+00,-1.634320535399937935e+00,-8.090793771916985122e+00,1.959029500538684854e+00
1.660000000000000000e+02,-3.541569156192427847e+00,-4.283299916638537042e+00,-6.753658012801155408e+00,-9.712959533774272458e+00,6.603021101977269325e+00,7.655617098911598362e+00,-8.555762009332905649e+00,-2.296498691306354534e+00,2.121209688407887928e+00,9.981058774270049838e+00,5.514305126449881023e+00,6.070972552402762901e+00,3.601251707611290431e+00,1.523106839244006139e+00,2.167864597195687804e+00,7.522158107225118684e-02,-9.704778766339270391e+00,-6.019649320459842912e+00
1.670000000000000000e+02,-1.045401894747832738e+00,-5.447134691406006368e+00,7.194687772008585114e+00,-5.905980382811295115e+00,-2.121728424454416562e-01,5.243338166469468931e-01,-1.996382697103580295e+00,3.205028960690892159e+00,-2.108324043060514352e+00,-3.720476185610164244e+00,8.811265551344932945e+00,-1.780223730308128083e+00,2.405707015919777980e-01,-3.012572900956409505e+00,9.821074684398722887e-01,6.520785446821899534e+00,-9.857556731799213878e+00,-2.621583155752449379e-01
1.680000000000000000e+02,-7.792403169635752747e+00,3.091906813037119672e+00,-9.420442973933162989e-01,-1.134472244551723019e+00,-7.852419450898473485e+00,-5.642245782407398380e+00,8.410428779911722330e+00,-2.096609224820467077e-01,-3.550140835255977123e+00,5.576033754232508244e+00,6.467433646853257834e+00,-2.612037420724755421e-01,4.846988833917920125e+00,-8.080163258817684380e+00,-3.080716899229618555e+00,-8.948953292764327827e-01,7.640171506828341563e+00,-8.656544913465628710e+00
1.690000000000000000e+02,4.465563587408125201e+00,-9.987109872863427995e+00,-2.698797416846250297e+00,3.910480191343994605e+00,-7.004787808661663284e+00,-3.431642772432472732e+00,-5.767051886493604229e+00,4.400198704116665027e+00,-3.459062448080061358e+00,-6.291186207367585048e+00,-6.858110758989766076e+00,-2.810048717470552404e+00,-3.015103616055596625e+00,-7.619940896388930796e+00,4.536405494416724693e+00,4.407952864055497244e+00,5.328981315054084789e+00,-3.714632550840371028e+00
1.700000000000000000e+02,-7.335236836891654733e+00,-9.690938466010329932e+00,5.577165044541607664e+00,1.504509734664047915e+00,-9.278891276567266644e+00,-9.066143369710864874e+00,-7.092406112105296145e+00,6.295052152450888450e+00,-4.959584278985262884e+00,5.322381176136614656e-01,-2.647883704951281558e-01,3.339603374401933777e-01,-5.846194368938140151e-01,2.662256957263930968e+00,-3.953327681020279982e+00,6.237629382452684723e+00,-8.920175829857635463e+00,-5.366175342388901370e+00
1.710000000000000000e+02,-5.372673961454095704e+00,-9.418367926482693164e+00,9.899343907558533218e+00,6.029686403118146742e+00,-3.434920647665316018e+00,3.005378531486819771e+00,-9.585346460401988899e-01,-9.130500000692180151e+00,-9.423904116017599364e+00,9.083924350586833896e+00,5.172767623596832287e+00,-1.747675543184248337e+00,6.910706916825590795e+00,-4.082499730777565006e+00,-9.469528239619723564e+00,-5.960416342676488455e+00,5.768877456164567263e+00,8.645765066144338817e+00
1.720000000000000000e+02,-5.059355574259951638e+00,-4.989801098325274964e-01,-9.093114612003780906e+00,7.200205223762239370e+00,7.193551556467536301e+00,-5.785355528754920762e+00,7.819945026153019008e-01,-1.600884563998095089e+00,-7.895238599080311559e+00,-8.455856701406068154e+00,-6.442884342528758523e+00,-5.632868002740454294e+00,-1.405575246995480754e+00,-9.673027175290245694e+00,-1.717110085255013630e-01,5.565888823043517064e+00,3.029987095477173487e+00,-3.397630109901188522e+00
1.730000000000000000e+02,2.305937275787381946e+00,2.919838795304661172e+00,6.385407146983059334e+00,-5.682272579047529248e+00,-5.966468470989745754e+00,9.280136103863634744e+00,-7.735430318297044749e+00,-9.401201176971289541e+00,-5.427550742670415040e+00,-2.197171285538104257e+00,-5.938141655324651325e+00,-5.905179636443755875e+00,-2.326996699844416927e+00,5.630506760558517954e+00,-9.312124255744571144e+00,6.799178655315866848e+00,-5.239580964295704746e+00,-9.535795986082060693e+00
1.740000000000000000e+02,8.076717703721199015e+00,4.850776108109702278e+00,-7.393218590442938165e+00,-7.946946316401577448e+00,4.503844494953888500e+00,6.593683393959364203e+00,8.836569920616044627e+00,3.030876877399593106e+00,-1.709387353007809640e+00,9.787228445050555337e-01,8.650313281785024344e+00,-6.647548603729120487e+00,-4.746138192689288715e+00,3.783267432000436692e+00,8.818847284222732341e+00,6.548647550243131832e+00,-8.870418767895898782e+00,5.477800885945516285e+00
1.750000000000000000e+02,-6.642669348434253607e+00,-7.195094126112611121e+00,-9.848209006520294295e+00,-1.227161012654567340e+00,9.489049974908567719e+00,9.980301284582434818e+00,7.458678475537324104e+00,-8.415339920426029963e+00,-3.990187563051386110e+00,1.231176551184884893e+00,-5.195619842647016817e+00,4.620597081363175818e+00,-9.317062611007487227e-01,-5.565591670198481999e+00,4.578914949840258153e+00,3.093657737045136802e+00,8.468363648611683558e+00,-8.459687611902747761e+00
1.760000000000000000e+02,3.645542258973764049e+00,3.220080885255465208e+00,1.573296169244264853e+00,-5.044513640523831555e+00,-2.436855518580427482e+00,-8.840158101763528897e-01,9.230178840837574228e+00,-7.151404004987902852e+00,5.150972999160368104e+00,2.751936032183248670e+00,-8.921881770537398282e+00,-2.793501925549328746e+00,1.527032608711358375e+00,-8.676064144190194227e+00,-1.284908633577355186e+00,9.876272570163921571e+00,-3.401401690078227347e+00,-6.152793656403865441e+00
1.770000000000000000e+02,9.215849866952467551e+00,6.494210060304475007e+00,9.155253847657643718e+00,-5.021269890689580961e+00,-7.759025695316688065e+00,-8.413901835279203212e+00,3.287955286761823359e-01,1.930934720995842735e+00,9.222022930504657268e+00,-8.273818000958000241e+00,-4.719774617562359609e+00,-2.402958015984431039e+00,-5.207731541005711229e-01,-7.744350357406901253e+00,-7.206071975079730407e+00,6.661034033543806743e+00,6.877715774600470233e+00,1.810337713804954785e+00
1.780000000000000000e+02,7.546925808776356881e+00,-3.754829599766111858e+00,6.721699474434275068e+00,-7.013427460527443813e+00,-4.765162946603180849e+00,-5.411580131053097986e+00,2.313776742196294034e+00,5.937718896915678002e-01,-5.447991702309162854e+00,-3.630518243826474922e-01,5.055325824200394003e+00,-8.009715879606055466e+00,2.161117549347892908e+00,4.146138561621675045e+00,-6.936962435467513011e+00,-4.728081724889976911e+00,-8.923625657671019340e-02,-7.866898412425182840e+00
1.790000000000000000e+02,-8.817084194916354534e+00,2.639417524038645269e+00,3.823402626249667868e+00,-3.215445315311176167e+00,-4.144346717938884872e-01,3.074263208903929012e+00,-7.667858324131624492e+00,-8.342339401219687645e+00,4.082490337805610991e+00,7.162356520116627934e+00,-9.586615986439128712e-01,2.544648262397970484e+00,3.563477388298463833e+00,2.502563703423188457e-01,-7.599662400127011885e+00,-1.543898702623389685e+00,2.395426163342071479e+00,-8.467633494466324962e+00
1.800000000000000000e+02,-7.406620468200896923e+00,1.980025095922579581e+00,3.817927065878905513e+00,-9.526851746703105306e+00,5.338259599414085343e+00,-2.781570397630406255e-01,-3.687249031808559341e+00,6.381033905338425072e+00,-9.589084605653511062e+00,9.063979713776523894e+00,-1.849271238308241028e+00,-9.355120648919736936e+00,-1.695960212765648123e+00,4.309193600415161640e+00,2.989434143889422302e+00,1.853303542288595729e+00,-7.471528573890678260e+00,5.760349346014943528e+00
1.810000000000000000e+02,-8.511336423305159826e+00,5.910259582364425057e+00,-7.607968572524848483e+00,-2.157119307861494750e+00,-9.599753759566569400e+00,4.231710707253149018e+00,3.473715675230648614e+00,3.612588991009657580e+00,-4.493907723788639785e+00,7.136883282591113264e+00,9.574277140655262031e+00,-4.959723635198194813e+00,3.123906073961817409e+00,-4.321142612962304952e+00,4.336609573526397199e+00,-3.296319533885756492e+00,-3.703175912306555517e-01,9.659688816111199117e+00
1.820000000000000000e+02,9.871561376147766964e+00,7.634671860878543548e+00,-7.922316558539479914e+00,3.683201717569004607e+00,-4.149736782540185409e+00,-4.246223340923873657e+00,-4.810394653736072001e-01,-5.712449032676884642e+00,-3.511224687280423140e+00,-7.457410403502528595e+00,-6.592861237075977598e+00,-5.521273346366117885e+00,-5.677775250897871828e+00,6.344381116149100386e+00,3.779425383072099187e+00,-4.062100001959447759e+00,9.160426164336385568e+00,-7.674981448476414059e+00
1.830000000000000000e+02,-7.224321519880463782e+00,8.083567584610040768e-01,-5.514493222621186241e-01,-5.407922481493264044e+00,8.617318098222305878e+00,-4.090479532814232932e+00,-1.890785504143581708e+00,1.014991315648807735e+00,-6.411240723901753924e+00,-9.103103785118127789e+00,-5.334484855259010061e+00,-1.779830869513150393e+00,-3.750197436742788160e+00,-2.469633992189428362e+00,-3.301119031801797998e+00,2.355851235790955567e+00,9.271510578087788446e+00,3.279324369454157395e+00
1.840000000000000000e+02,-5.408564086856737063e+00,-7.700125753185758093e+00,5.580539066390532987e-01,5.995951390472054499e+00,6.607103626347743841e+00,5.470240476342544511e+00,8.901459402454634073e+00,5.395482911727245146e+00,-7.726238431988630140e-01,-6.573519928166968285e+00,-9.676646833063749398e+00,9.901413737000229531e+00,3.483226261736303009e+00,-9.379816050577776565e+00,-7.473011016763868142e+00,2.905429630627931470e+00,4.217547100032195573e+00,-5.973921019213801031e+00
1.850000000000000000e+02,-6.678809003759278440e-01,8.047916370554353271e-01,-5.650078046943500354e+00,-6.807457175834601415e+00,6.468673482672313568e+00,2.447874861655270351e+00,2.309956581179273272e+00,-6.910971719914380529e+00,-5.697197469111578982e+00,8.216452635826181350e+00,-3.281021957206571305e+00,-4.268246465366482667e+00,1.313350063013976055e+00,-2.603821515805617715e+00,8.646384557619310129e+00,-6.353153949557325930e+00,4.175881838118096212e+00,-2.085939055184395929e+00
1.860000000000000000e+02,9.199590534722970503e+00,9.708839986867833005e+00,-5.722541452919807092e+00,-8.536866371668265785e+00,-4.994250261840704752e-01,-5.767325964845319675e+00,-5.724368182135286531e-01,2.300602054064884161e+00,-9.571494912106864206e+00,2.463849485810047923e+00,-4.427015256006603394e+00,-6.148131620129680286e+00,2.763220281145211121e+00,7.018554966505630155e-01,-8.088590826644288967e+00,-6.025476630721115612e+00,4.892054559228360411e+00,5.835535761033760593e+00
1.870000000000000000e+02,8.050534733960921230e+00,-5.921751864863868953e+00,8.677545950023253241e+00,-9.165472063115275958e+00,-5.105018283508144350e+00,7.528538067630532460e+00,-3.441895330613491399e+00,-6.815937000946529878e+00,-3.770922090284374306e+00,-6.397739305958321410e+00,6.538913390077258470e+00,3.065009795702586803e+00,-5.000004494418228695e+00,8.830714824118931716e+00,8.311273321423477967e+00,-7.086818932847602781e+00,2.297262173190983692e+00,3.037538488858892993e+00
1.880000000000000000e+02,-4.874988035366496497e+00,3.383683162189468074e+00,-8.906232735681490098e+00,-4.011307297284673723e+00,9.932345457668763089e+00,-8.466779696497813035e+00,3.517199763093905585e+00,-8.724731715409705934e-01,6.247602450260945517e+00,4.164531846040702590e+00,7.021215791574935139e+00,-5.944844867784642162e+00,4.182600522607648585e+00,-2.597696382480614297e+00,-5.426155924429103550e+00,-2.120806331887381546e-01,-2.800091520942178391e+00,3.205208840372197887e+00
1.890000000000000000e+02,3.185310294711818369e+00,1.519652195900325076e+00,-6.230646064845249299e+00,-6.191343807208252059e+00,8.502767218305260499e+00,6.450849039868242762e+00,7.242670404872681544e+00,9.628770327003524088e+00,-9.911137362482193680e+00,-1.735598899100210257e+00,2.797706549020069211e+00,3.730975861765972734e+00,-8.189844195140905114e-01,3.361253693486692118e+00,-9.183981674525078631e+00,8.537302655068959467e+00,-7.307174735626493778e+00,7.750411927499111897e+00
1.900000000000000000e+02,8.685394136642569762e+00,6.755174457225088247e-01,-8.724888765598235452e+00,-4.960822309147916442e+00,4.902061187543922394e+00,3.417802419506204004e+00,7.823397718185449712e+00,-7.928463873574176368e-01,2.319432578592317551e+00,7.790225898964180828e+00,-4.711922001201456212e+00,-4.852155225888639123e+00,3.594863270817603151e+00,-5.979037993310929444e+00,-4.316398983919036425e+00,7.369175480330351746e+00,-5.538984294957631782e+00,-7.893599664541843808e+00
1.910000000000000000e+02,1.762677365505627147e+00,-6.270043271541854146e+00,-8.936223837351080945e+00,8.279136533840819823e+00,-2.773982546922002523e+00,4.339204727277583551e+00,-4.775677572195915488e+00,6.622890447444794049e+00,9.869944355396802038e+00,6.030069474838750665e-02,-7.825854854091924828e+00,1.449307814113967030e+00,-2.458879631256809528e+00,4.889687545539338487e+00,5.357507771410849884e+00,-3.454884962683268945e-01,-5.042086126394320189e+00,1.501613551921250345e+00
1.920000000000000000e+02,2.876314157296990803e+00,4.319486289042099969e+00,1.588844518279493023e+00,4.806522608908676553e+00,3.941764125150464260e+00,1.274658519216937957e+00,6.516623867733839504e+00,4.770460644303033959e+00,-5.150734932362683871e+00,-8.349792687666376167e+00,8.534096725450945442e+00,4.498685146633400578e+00,-3.946743358957092163e+00,1.655503565802192156e+00,5.023719696537007451e+00,-1.262246943766387464e+00,9.211097464683415836e+00,-4.304244601434845663e+00
1.930000000000000000e+02,-6.448950182351442351e+00,8.807750511581105002e+00,7.941444609175998259e+00,2.343641509502312203e+00,-8.384302109856584195e+00,7.472382924032561213e+00,-1.467810784904679533e+00,-4.947512203861701430e+00,-5.733654545348077392e+00,-3.664934689476728735e+00,7.299583581091195761e+00,8.729735903698053079e+00,-2.830139695180200476e+00,8.776469203115386364e+00,2.331657402934941281e+00,-2.628434557914232084e+00,-2.703509059918944857e+00,9.357509622913440239e-01
1.940000000000000000e+02,5.832157236322510485e+00,8.719212879417410633e+00,7.958071338905567949e+00,7.117802633099539200e+00,8.854600871689585873e+00,1.087477139767647483e+00,1.563841245608481589e+00,7.392438573619044107e+00,6.405337416559778063e+00,8.530152607006890264e+00,3.338504048671007141e+00,-8.182212034837522907e+00,5.149958384252850685e+00,-8.634348397116976770e+00,-7.079225910717625858e+00,2.135173041386202453e+00,9.044738384478536730e+00,5.963471692704754190e+00
1.950000000000000000e+02,7.853391878741231125e+00,7.532710951538545530e+00,-8.500380486918020395e+00,7.888018292818024690e+00,-1.207193507228214724e+00,-8.601668758939595705e-01,8.982564464831046536e+00,8.889889060423040945e+00,3.278826104881324977e+00,-9.743858356364203388e+00,3.865575309622717448e+00,1.038021801657460497e+00,-2.847813517994897126e+00,4.833503824838909502e+00,-1.561496564416240407e+00,-2.212161548983642145e+00,3.788289091371674910e+00,4.210799851871276367e+00
1.960000000000000000e+02,4.225863237198916877e+00,-4.940897376652804596e+00,6.686367180903058482e+00,-4.875072067916972784e+00,-8.053161236791066102e+00,-2.950859144550586066e+00,-7.757713628288622765e+00,7.419075822018530886e+00,9.127451527219479388e+00,-4.971992936995643930e+00,-2.672345285386719116e+00,-9.390270362556369932e+00,-4.075406388485001585e+00,6.267837760593771179e+00,4.954199113049835290e+00,-2.975753929703586209e+00,-1.864314179634003477e+00,-8.473617101087331349e+00
1.970000000000000000e+02,1.012094296357395340e+00,-2.470687625449023983e+00,-6.377578748620607030e+00,9.752751255748069781e+00,3.575430119010705177e+00,-3.479784801490737323e-01,5.772519260972444499e+00,-5.180342398854882902e+00,-6.882542367522570537e-01,-3.892913926930448021e+00,-3.884286084688983731e+00,-2.622388492038663088e-01,-5.818409070786552562e+00,9.363588826666799037e+00,6.565814554055875440e+00,-6.128274312771613275e+00,6.484737045833663949e+00,-3.368459336002533888e+00
1.980000000000000000e+02,-8.016634365186160238e+00,9.381356399545193625e+00,-3.651013352557699321e+00,-4.882659048444151217e+00,-7.005568943934729731e+00,-2.212375649026712132e+00,-8.323350163404878543e+00,8.499014720867339889e+00,-5.186437968674376009e+00,-2.113210851824194325e+00,3.744267327213501861e+00,-9.567676323933471672e-01,-2.551120248822480452e+00,-6.191250946970416891e-01,5.805622597017976005e+00,6.396778206213207696e+00,-5.180648850438775987e+00,-9.155018057051737657e+00
1.990000000000000000e+02,-3.359926357733009628e+00,-2.235996060631857407e+00,-6.590682738625512904e+00,-8.832693111191911584e+00,-7.503865622026157922e+00,-8.991485215220865967e+00,1.371336529805777804e+00,3.334985667459751113e+00,-3.296367804768807197e+00,-8.953881070311389578e+00,8.962907574313669912e+00,-9.201630975240050248e+00,-1.381180195424025481e+00,-1.059407781137884363e+00,-5.387673935655692858e+00,1.468467646133684301e+00,3.180272645567909784e+00,-1.085169668950654032e+00
2.000000000000000000e+02,3.923697213735741762e+00,9.540537701770257506e-01,2.873937961619714709e+00,-5.621028549258097584e+00,-3.134087613118670124e+00,8.251164047594217621e+00,9.167677098161634675e+00,2.477031558838829195e+00,-8.503166112936940024e+00,5.489799777960246985e+00,1.322150450018406698e+00,9.745612070306483687e+00,3.846879151756741333e+00,5.002009673121086131e+00,-7.104489581871574089e+00,4.320099830526724638e-01,-7.003125471135589919e+00,-4.101715940319532905e+00
