nrep,I3ueta,I3us10,I3u1,I3deta,I3ds10,I3d1,I3seta,I3ss10,I3s1,I3Teta,I3Ts10,I3T1,I4eta,I4s10,I41,I5eta,I5s10,I51
1,-3.781160,2.494293,9.880228,7.765787,6.200896,-0.829741,0.985566,-8.622203,3.044113,3.974491,-6.929917,0.347102,-1.470266,-0.321564,3.122593,7.071859,-6.561474,-9.418955
2,-0.359431,-5.705064,-2.824814,-4.091042,-1.432816,6.797640,2.384334,2.611678,-2.432222,2.375594,1.193240,5.870460,-0.755996,9.410293,-4.014409,0.768403,-5.526162,3.291401
3,-8.059817,1.231012,-8.649034,3.820107,9.987416,-9.502081,-2.902720,0.051494,-9.868784,-2.898357,8.399953,3.515781,-1.975785,0.893905,5.174335,1.865611,-4.536418,5.102205
4,-1.040854,-4.921400,-8.835503,6.838533,-2.144945,-4.230566,3.814501,-3.232115,-0.831571,9.013471,-2.512991,3.812361,3.530499,-5.313078,-3.893038,6.128832,-8.896868,5.775874
5,-0.825737,1.566074,2.619640,1.558741,2.823314,4.112084,3.690702,-1.978149,9.073976,9.471581,-9.853168,5.757771,0.814923,-4.961434,5.690033,-0.049254,2.838051,1.669673
6,4.070052,-8.865717,9.320607,-0.581793,-7.887086,3.298993,0.274132,0.188105,-3.973986,-6.345369,-5.587676,3.409144,-0.086529,0.664490,-3.080648,-1.149568,-2.297932,5.582124
7,-8.788457,1.600208,1.087649,4.127733,0.018431,9.475752,6.385820,1.533498,7.783196,-1.166236,0.062525,9.507426,1.549556,8.584073,-9.301807,-7.003673,6.439585,2.496842
8,-4.938941,-1.851348,-9.105124,9.427309,-7.046120,5.526749,6.495651,3.837611,1.043752,1.938759,-9.505185,-2.881149,1.538176,2.420787,-9.013673,-2.416075,7.111202,-9.098100
9,-2.920110,-5.285121,-0.698579,2.123415,-7.838162,-5.906944,-2.112220,2.198978,-4.704192,-1.636616,-1.910376,9.386841,-0.131358,0.428683,-0.487671,2.489195,-3.511004,-3.460456
10,0.151295,-1.734201,-3.742639,-9.421866,7.607595,1.498109,4.076548,-0.402427,-7.604499,0.650312,-5.644180,-8.269778,-1.043989,0.552984,-0.880921,4.130245,-3.535734,-7.688278
11,8.012322,1.046291,8.027298,-1.916815,0.536150,9.447142,7.571007,-1.447945,8.053730,0.981224,3.060777,5.267531,-1.599159,3.717037,7.184319,0.889803,-5.797562,1.391825
12,-8.088265,-9.621158,-1.207083,5.094238,2.474446,-8.254390,-2.499194,-1.296264,4.048151,-3.882886,6.389978,-5.500796,1.490206,-3.405225,-7.708539,0.301997,2.807290,-1.450903
13,0.863629,3.604352,-2.233165,8.547154,9.124079,2.185391,5.329362,-8.424051,0.311573,2.901267,7.195463,-3.116475,1.330544,6.784435,-6.496735,-5.274910,9.030602,-5.761454
14,2.500600,-8.186028,-8.603853,-3.544658,-3.380381,4.203468,9.192900,-0.902222,6.377811,8.720673,-3.528991,-1.410490,-1.322383,1.288616,7.946761,-1.454002,-0.287243,8.475754
15,-0.096321,-6.742427,7.194623,0.853801,8.498098,-0.067459,-4.974962,9.420195,-8.291860,1.677475,1.937248,0.178843,2.576686,2.008338,-7.662379,-5.118801,6.222997,3.228356
16,-4.094202,-5.333583,9.810594,9.583458,-6.520401,-9.461158,-2.661744,-3.937546,8.446549,-0.106380,5.248440,-4.254440,-2.333381,1.642238,3.833023,1.681043,-2.110199,-0.381709
17,-4.389386,6.357501,6.304333,9.738258,-6.586249,-3.095243,3.765396,2.979373,-3.468968,6.877723,-5.113064,9.149744,4.174232,1.534816,-5.104525,1.574862,-4.989434,-5.400950
18,5.520694,-7.913784,-2.661204,8.117646,-2.779897,-0.212644,7.555853,5.670720,1.353992,-2.542531,-3.415550,6.823980,-1.586335,7.058071,2.728276,-7.380494,8.422972,-1.022858
19,-2.433561,-7.629410,5.250511,-4.568576,5.191402,-0.666833,0.318456,1.828973,5.488861,-4.505527,7.037928,5.016292,1.373010,-1.651546,-0.819650,-3.363807,7.121012,-6.327446
20,-6.955744,9.562442,-1.197882,1.321043,-6.131501,8.885372,4.127595,1.216542,5.516126,7.593982,-6.362878,-6.337470,1.328829,4.095724,-3.161337,-1.889536,-0.784444,0.297386
21,7.218056,1.540457,6.134126,6.449437,3.699993,-3.589936,7.985861,-9.884430,-2.418690,6.290175,-3.980898,2.472013,1.469768,-2.786007,6.603152,1.446690,-8.565680,9.230245
22,6.815111,-3.854923,-9.674331,-1.129803,-7.002664,7.098728,-0.661160,3.167313,-0.327409,-1.260306,9.150145,-5.611760,-4.548104,4.175373,8.509151,3.499469,-7.928685,6.459566
23,-0.556548,9.035382,-7.398782,-2.685024,5.768325,-1.930249,1.096794,-9.900444,4.480979,-2.006467,-1.178904,7.402206,1.949001,-9.885099,1.376947,4.724164,-0.737765,-7.559955
24,-5.291460,-5.126915,4.636065,0.997718,-1.063233,1.009217,1.444422,-8.059171,8.681016,1.670366,8.185633,4.853716,1.875472,-6.446020,2.832739,5.737007,-9.571669,6.037642
25,-5.369582,5.071041,2.757054,8.601774,-4.105028,-3.916863,-9.134262,-1.752921,7.465424,7.585285,-0.131318,-8.724836,4.720633,-5.947096,-7.070578,-1.380201,7.048341,-6.733475
26,-9.511326,4.602156,9.244397,6.393541,8.803399,-4.066739,7.252932,-8.079598,-0.142251,1.460052,5.358657,1.155107,-0.417979,1.288426,4.251132,-7.697077,9.796784,8.172691
27,-4.500791,-0.474034,3.215915,-3.017727,6.600737,8.679381,4.984597,1.386399,0.278070,1.382668,-5.365272,1.261036,-0.481285,-3.533961,4.574450,-0.290348,1.090956,5.339410
28,-7.294924,-7.520349,9.133597,-3.466099,1.116083,-9.229904,-7.650831,8.808042,8.049155,-1.188562,5.018490,-1.273946,2.533724,-4.835875,-6.611482,4.278588,-0.413304,-8.420596
29,-7.056170,9.839807,-2.480606,-2.487631,-2.942801,0.179019,3.468225,-8.039343,5.967691,-8.710830,-1.049039,-2.532082,-3.534099,2.502300,2.078784,-0.926706,0.495056,1.492604
30,-0.860605,-9.291422,-7.501839,5.773032,8.638260,3.230333,4.152633,9.004990,-3.813471,-8.779670,1.647576,0.913348,-4.063946,2.660389,5.353736,0.729686,-4.528799,4.037410
31,-5.412385,-8.810319,8.048554,1.054835,-0.556289,-5.588022,-6.322193,1.799736,4.028641,-1.141609,1.547712,6.566278,-3.401353,9.440790,1.921161,2.339204,-8.268707,6.309594
32,-9.392157,-7.918358,-6.145647,-6.325891,-3.141614,6.094094,-5.026926,-8.946909,5.212809,-7.866465,-5.336903,4.336721,-1.236022,-6.589445,1.056104,3.755829,-1.687104,-3.131272
33,-1.350947,7.301614,0.129920,6.227088,-5.198579,-1.644293,-2.273613,6.786088,-3.938590,9.892167,9.731632,0.793504,2.047641,-5.195868,9.429419,0.523869,-4.764397,9.279212
34,6.394588,-5.679378,-4.473072,0.068732,3.423896,7.943825,7.188749,5.214941,-1.338160,7.874786,-6.259067,-9.643184,-0.948988,-1.331338,5.587557,-0.063455,-0.120742,1.347217
35,-5.479166,8.662542,4.105408,3.999553,-8.519123,0.167559,0.608754,1.764722,-2.199688,6.410244,-6.410631,2.014356,5.035623,-8.451796,-0.002753,-5.581088,7.962298,2.696062
36,9.457831,-9.447383,-8.098103,2.576748,-2.900462,4.519741,-0.759940,3.143808,7.062912,1.809782,3.370296,-8.483180,2.578230,0.098541,-8.788773,-0.571210,-2.564082,8.932224
37,-4.895898,3.311381,-0.144977,7.103024,9.468702,1.405840,-7.803333,8.616637,-9.877872,7.242502,-1.289470,4.740337,5.105397,-7.582619,-3.011472,3.870060,-3.701812,-3.961255
38,4.772066,-4.189422,9.069736,9.048157,5.080653,9.092350,3.609573,-8.191290,1.732829,5.799234,-9.880003,-5.128680,0.488910,-2.219396,4.389341,-2.525150,4.551926,-3.072582
39,-7.434151,1.085030,-6.024358,5.147566,7.624851,-0.888906,5.767565,-5.608349,9.707817,4.708500,2.026808,9.116525,3.860508,-2.543740,-6.551977,6.149038,-9.007092,-3.321229
40,2.784632,-7.103555,5.917455,7.478126,-0.713432,0.720957,8.327693,7.326437,-9.044673,-1.328569,-4.526839,-6.447419,-4.402042,9.618236,8.574292,-7.022183,6.138538,-1.120733
41,0.512740,-6.224111,-6.305346,2.634358,-9.005184,-8.013939,0.713687,-2.067781,2.529661,3.508469,7.030532,3.054510,2.922501,-9.200270,5.852678,-4.548761,9.997934,3.875640
42,0.127478,8.147690,-9.005733,-7.940163,5.671090,9.459910,2.567275,-5.091179,2.186676,-8.166191,9.161627,7.897404,-2.117905,-0.580715,5.749593,5.472602,-7.364061,-5.890647
43,-9.251076,-1.192074,5.888099,-7.772741,5.659126,5.186179,-1.784206,1.224490,-9.434877,5.843251,-1.063332,-2.900121,-0.188573,-0.968474,2.985344,3.904832,-7.853879,6.773020
44,0.755716,-2.594251,5.716968,0.184183,1.424611,-6.833090,-7.742302,9.321497,-2.161754,3.795126,0.828199,-7.857057,1.048309,6.892309,-9.720752,1.786523,-1.209933,-9.884961
45,-0.237947,-6.988221,-6.253993,8.687369,-7.304941,-4.737918,7.640424,6.024588,-4.355156,3.786112,1.756518,-4.787407,-0.020743,-4.650950,8.333884,2.205238,-2.353014,-3.536310
46,-0.401832,-4.610543,-3.859556,0.967298,7.270127,7.150238,0.952202,-5.592580,5.255975,5.619522,2.386123,9.199188,4.985609,-2.148817,-4.350011,-3.357586,5.409678,-2.398487
47,2.496225,1.074821,1.485768,7.545723,-4.233705,-4.367405,-1.933800,5.937935,1.992908,-0.312556,0.718207,7.002180,1.979743,0.822709,-5.305960,-7.386821,9.297493,9.204238
48,-4.143434,6.361271,5.896779,-0.558634,5.559636,-0.701428,2.239680,7.522433,-4.660910,-3.180046,-1.203365,-4.050784,-2.582581,4.337738,0.585326,3.077367,-6.313192,-2.381826
49,7.525360,-1.974556,-9.158221,6.967353,-5.142266,9.454078,-1.704237,-6.133465,5.412186,9.312455,-0.021010,5.467332,8.156354,-9.818786,-6.633983,-5.210483,9.516516,0.465191
50,5.983750,0.189403,-7.498722,-0.239740,-8.225594,3.337641,-4.049765,-0.521544,1.539786,6.498042,4.037282,-8.144310,1.656326,-5.577811,-0.931658,-1.161910,9.439897,-5.009920
51,-1.987962,-3.358314,8.218375,5.494498,-0.823197,-7.410691,0.622331,1.711396,3.189662,-2.113641,-2.271376,1.599452,2.239371,-5.565121,-2.133742,-4.571999,8.420772,0.264287
52,-1.369253,4.985791,-8.544295,3.208178,7.790590,4.404648,5.111528,7.498963,-5.014144,6.253423,-2.077775,-4.872194,0.734976,1.630401,-1.437521,2.632155,-7.819695,6.693050
53,7.309882,-3.466986,4.584298,8.308625,7.674587,4.757347,7.318203,-7.027899,-6.039527,-0.313977,0.278041,4.280424,0.846411,1.266117,-0.244555,-2.145550,-2.774293,8.735778
54,2.003770,-6.440857,7.646081,4.100012,-2.292592,-6.052945,0.556560,2.882327,4.833812,0.253652,-2.334756,-5.174007,-1.020604,1.104819,2.463248,-0.866490,2.659157,-4.287023
55,-3.486052,-0.943638,-1.793426,3.122356,0.708232,7.950973,-3.495467,-0.454751,-7.983808,-3.526180,-1.012839,4.492388,-2.472074,3.618785,0.230813,2.506395,-3.565878,0.344435
56,7.587010,-4.264703,8.994896,5.061983,-0.710561,-9.155463,5.947745,1.100970,3.128168,1.575970,4.936721,7.243656,1.124927,3.771998,-1.442017,3.222845,-4.638665,-7.546500
57,-0.051680,-4.835971,-2.925053,-3.445872,2.588191,9.862536,-3.596711,3.907942,1.287152,4.320525,2.116463,7.011940,-0.723759,0.182791,7.625434,-1.823108,2.490401,2.161738
58,-6.718787,2.376967,5.804735,-1.291913,7.436561,-9.091585,-4.066152,4.585055,-5.770190,6.098305,-5.853781,-3.479002,5.078239,-3.987667,-7.985386,-5.870721,8.366757,6.219254
59,-4.644560,-2.637913,1.531377,-3.088138,-0.572652,-2.306077,-3.712651,-9.955015,8.418478,0.303652,7.002675,4.888400,4.086074,-9.422817,-5.081139,3.251671,-1.952863,5.215982
60,-9.129507,-8.626805,9.974411,-3.153060,-5.600033,5.180127,-5.011174,-9.233812,-6.270005,-4.374797,-9.998431,1.406657,-0.664805,-1.686332,-8.121251,8.998033,-9.626287,-4.167963
61,-9.982717,4.317278,7.709089,3.595217,1.035108,7.810140,-3.112399,-6.879606,-1.316308,5.473228,-3.365128,7.572915,5.576242,-8.510030,-6.197909,2.211649,-0.879812,-1.232794
62,0.600966,-8.875458,-4.374712,-2.617442,-6.832073,2.132432,-0.909117,5.125186,-0.810543,-9.367209,-8.864438,-0.758877,-3.798868,4.370532,-3.360461,4.744990,-3.864539,-8.437504
63,7.901547,-7.781717,-7.437458,5.357342,4.710614,-7.672292,-9.653973,-6.509731,1.158648,2.352377,-8.722235,8.822051,3.525546,-5.066306,-6.706859,6.100146,-5.702239,-6.840580
64,-9.236055,-0.115753,4.555555,-9.217905,-6.709127,8.024231,-2.204964,-4.717417,-7.457813,-9.952100,-3.136480,-2.821777,-6.349936,-1.520801,6.042531,3.827116,-0.801618,1.403571
65,-8.737326,-1.447936,6.069119,0.605364,-6.371959,6.276115,-3.152893,9.571360,1.712021,-9.250329,-9.555907,4.878689,-4.513845,7.348411,0.193046,-2.925970,3.321437,0.583459
66,1.520874,0.250585,-7.512303,-0.985515,-8.240262,5.765470,6.523312,-9.690917,-3.707071,-8.070611,3.290235,9.315767,0.777825,-2.014039,-3.602422,-1.617459,5.382068,-2.450676
67,9.713153,-7.902874,-7.412033,0.191519,7.602419,3.942238,1.748466,-8.004090,-6.361365,8.348604,-1.942500,3.167061,4.293515,-8.072229,-2.239598,1.315912,1.203013,-0.239868
68,-8.470304,-3.189766,7.977394,0.830379,-9.346141,9.511281,-9.613699,3.414842,-8.096269,-9.794625,7.537081,9.233437,-6.749265,4.592382,9.615302,9.257031,-9.696643,-9.164520
69,-6.135784,-1.628780,1.441578,2.765194,4.613369,5.899893,-0.322634,3.688118,-6.280572,6.847159,-0.309458,-5.187605,3.901310,-3.340916,-6.716899,5.185353,-7.497241,-2.736992
70,-3.587167,5.661589,7.941968,-2.524604,5.064732,-0.187850,-1.864863,8.912371,-4.147588,4.082515,8.674249,1.382616,3.060307,-2.138020,-0.917200,-4.229301,5.848399,1.887674
71,8.366286,5.508175,-4.612584,5.846863,1.597881,8.660880,-5.437695,6.918946,4.046738,7.241606,-0.156650,-5.854269,1.485839,-1.980306,2.246485,-0.404934,-1.605833,3.439767
72,7.410332,-5.337407,8.000995,8.188430,-1.106561,-5.119151,-7.120492,6.125823,-5.436062,-0.256967,-7.424923,6.341888,-0.680013,4.191716,0.234400,-6.937231,6.792495,6.950451
73,-3.661431,7.418931,6.399685,0.580925,-6.295418,8.613914,1.291366,-9.110830,7.793637,3.700332,-5.437605,4.608817,0.806799,-9.181020,8.145698,-3.099987,7.834977,4.268217
74,-4.606038,4.308776,0.616887,-7.442647,8.082187,9.266143,-2.078214,-9.184275,8.158536,-2.496731,3.516750,7.017940,1.311030,-2.824896,-5.637327,4.335923,-6.931279,5.822290
75,5.975585,-5.614974,-6.893270,-7.426962,-2.658047,-0.848541,-9.048822,6.259505,0.016598,-0.553579,-9.846786,-3.800082,-1.821978,3.597154,-4.729524,6.698462,-8.791157,-5.586158
76,-4.776147,-1.223935,5.656915,-7.297295,7.780017,2.317041,8.870961,-0.873125,-5.173669,-4.415825,1.366963,9.363992,0.124043,2.693387,-1.989855,-2.334358,2.512847,-1.364012
77,1.582901,-1.733921,2.412801,-9.772610,7.297999,-3.732813,-2.793213,5.450225,8.512514,-6.339276,2.649085,-7.822143,-4.020341,6.968868,-0.044185,-4.764114,3.211820,8.896008
78,-3.294970,3.043454,5.983876,6.249061,-1.802991,2.674139,9.074595,-5.924156,-3.262137,-0.322832,0.408063,1.355712,-0.545999,-3.142502,2.468570,3.889195,-4.271868,-0.409795
79,-7.540618,4.649762,-0.162065,8.327393,-5.472881,9.276416,-6.645721,-5.254623,5.928473,7.074843,-0.495478,7.759618,2.103506,0.263262,-1.106376,0.831552,-4.454430,8.877620
80,2.732339,5.203392,5.576927,-1.036723,0.862575,2.432426,-2.217465,-9.675169,9.553551,2.435791,-6.582095,-1.582253,0.415015,8.953517,-9.765606,-4.236300,3.753320,2.224537
81,-2.907605,1.725862,4.490484,4.903909,-5.421292,3.509192,5.421151,6.633936,-2.271326,-7.681072,7.169877,7.866677,-1.405775,8.450770,-1.240313,-2.947530,-2.855830,5.930608
82,-5.782795,3.782772,-7.793606,-3.689945,6.312456,5.815419,2.100006,-3.724344,6.972666,4.900902,0.670414,7.397810,3.855334,-9.898609,0.802823,7.640007,-8.643024,-2.397276
83,1.598431,-5.985157,1.767321,2.742520,6.355034,-6.424598,5.399141,7.105765,5.093480,-5.984415,-4.230094,7.242116,-3.878423,4.076276,8.851046,-2.442955,-2.319080,6.682517
84,-2.095716,3.940421,2.429300,4.843660,4.877505,4.415378,3.959340,-8.257887,-4.586682,-5.506709,9.088263,5.481885,2.833056,3.591361,-8.751786,-5.519130,8.547175,-7.782580
85,-1.941473,2.051105,5.053953,3.671147,7.578502,-6.511762,3.428464,-9.270901,3.378751,7.477542,9.954567,-9.007817,-0.291146,-6.031787,9.946290,2.561614,-2.837752,8.633928
86,8.360982,-9.632063,-2.021799,4.707348,5.295576,-1.351216,-0.733344,-3.438177,-3.124265,4.529415,5.961646,5.368584,5.659054,-4.543989,-8.972063,3.900851,-5.470821,-1.980632
87,-2.190092,9.137014,-8.483214,1.844226,7.173247,-3.658076,-4.015546,0.893816,-2.731395,5.463721,5.238217,8.791200,4.987498,-6.072397,-4.688432,4.521585,-4.419718,-3.405734
88,5.617951,1.612187,2.893397,3.293717,-4.228445,1.865648,3.478822,-6.944227,-2.256603,6.336098,-3.042284,4.066587,-0.495430,-3.988172,9.961019,0.297419,0.318416,3.955220
89,-3.634634,9.576051,-7.369570,-0.086290,0.623985,4.237002,0.227160,2.539192,-6.455986,-4.330869,-0.450448,9.538723,1.205562,0.470678,-6.297215,5.178464,-7.009715,-4.445132
90,-7.830658,-1.256203,-4.030428,-7.098705,-9.232787,9.198603,-3.759178,-0.308938,5.739283,-3.534218,-9.448699,7.654915,0.127602,-6.719301,4.346033,0.740930,0.643136,-1.289789
91,-6.017585,9.195476,0.974686,-0.375397,0.084255,3.592196,7.685282,-9.140552,5.462277,4.076852,-4.556003,3.794512,2.658182,-1.658964,-1.382419,0.004003,-5.743250,8.065744
92,-6.689318,6.344163,-3.400629,-0.546151,9.602906,3.356459,4.331570,-6.674253,2.929400,-7.419921,-4.378987,4.230882,-5.397024,9.575724,3.664766,0.915224,-4.247709,-3.071589
93,-7.421215,8.826239,1.919148,-2.699896,5.398854,7.922202,-4.081322,-0.614300,6.084908,-5.687607,-8.805614,-2.510749,-1.304570,6.799001,-9.024290,-0.453389,-2.132056,0.664525
94,-7.562513,-0.937195,-0.254423,-2.855906,9.758352,-0.832299,-2.832289,3.961005,-0.923751,1.634699,-0.344033,-6.969317,-1.283762,-6.874825,9.951590,8.026388,-8.761803,-9.147881
95,-5.181416,-2.540457,-6.576169,8.571276,5.363538,-1.417727,1.760923,3.217641,6.485870,-8.056467,6.468928,-8.133162,-4.474138,8.084191,1.405644,-3.524967,3.432463,3.246955
96,1.896480,6.177285,-9.779810,3.936543,1.191970,1.677436,7.797935,-1.616195,-6.074956,5.007601,0.150681,-7.780628,3.369761,-6.503383,-1.072084,-6.586040,9.737074,8.730817
97,-3.668534,-5.386522,1.615053,2.705227,0.654314,-8.663929,6.953579,7.531302,-0.786014,6.655933,-8.081212,3.149427,2.245901,-3.447165,-1.435800,0.449702,4.774759,-9.291361
98,-0.545024,1.632694,-3.869989,1.920849,4.225625,-7.158461,3.039128,4.444538,-5.207698,9.711197,8.363183,-2.483904,7.117565,-6.963702,-5.804483,-4.675665,9.295595,-2.926118
99,6.413937,-0.448685,-2.818000,7.956679,-2.084756,8.871364,-4.870611,0.461633,-2.929750,0.488390,5.124735,4.458687,-0.660424,-4.266748,6.320353,5.225194,-5.887832,-1.840415
100,-6.562217,-8.029891,-0.925867,4.860686,-9.246791,-2.289188,-3.196566,4.309615,-2.559283,-9.109683,-0.723156,-6.606870,-4.154326,8.919708,-0.414210,-5.588637,8.186623,-3.565118
101,-5.000251,1.044261,2.186087,0.927881,1.722887,-4.713765,8.897990,-6.375515,-3.149440,-1.247277,5.666009,4.493396,5.772243,-4.809358,-9.508358,-4.273938,2.220698,9.215470
102,-5.300599,3.560687,-0.175375,6.694924,-1.513312,-1.966478,3.043122,9.051509,-3.605914,8.680568,-8.959413,-2.551381,4.705985,-3.499488,-5.304458,0.337549,-3.523847,1.273025
103,7.961194,-6.062960,8.094529,7.089778,3.400053,8.134592,1.044227,-1.020414,-2.399909,0.855081,4.390527,-7.584089,-1.027253,0.998760,3.946890,2.616209,-3.811290,-7.771982
104,5.884217,-4.436938,8.752109,8.434445,-1.033130,2.144445,-7.051919,9.369415,-4.534936,9.710663,-2.368050,-7.192086,4.462247,-7.216649,0.337650,4.095348,-9.068311,3.449648
105,0.407929,-9.993403,2.024800,-7.078298,4.336492,-4.486824,1.454692,-9.175824,-3.505205,-0.509800,2.075017,-5.840776,-0.919950,0.106029,-0.713214,1.479607,-2.888330,7.033200
106,-4.880366,8.157088,0.245161,6.276749,4.651178,-4.120926,-6.656097,-7.389472,3.316993,-6.569353,-2.888322,9.267478,1.246487,-5.267430,-0.144194,-3.280220,8.571350,-6.384934
107,-7.685827,-6.731774,9.738055,3.107639,-0.892216,-3.714562,-8.325852,-4.819643,3.714680,-8.360129,0.375999,1.459297,-0.925900,2.549252,-4.507791,-6.983275,9.096504,7.390553
108,-2.568064,-6.901541,-7.045704,-0.364997,-4.717170,-8.912330,-6.457620,-6.196578,3.233588,-6.831369,-3.074689,-7.271486,-0.136286,-9.040496,0.141387,3.047562,-5.178726,7.933318
109,-0.727451,-2.016489,0.558239,5.164889,7.651462,8.482198,0.900543,3.547672,-4.176843,7.622737,-4.167000,-9.505542,-0.427123,1.245873,3.426759,-5.949031,6.786105,9.380818
110,-1.956073,-2.216992,8.605609,3.716088,6.782656,3.418680,5.790077,0.088405,5.242024,-7.142058,-9.833508,-7.367339,-4.103197,9.885678,-2.109259,1.357408,-5.188311,-6.078764
111,6.336983,-0.720272,-4.144830,1.391067,7.217378,2.681047,-3.558764,6.011455,4.738638,-0.134821,5.643223,8.587273,4.401374,-6.007289,-2.925092,-2.386685,4.785136,-1.196139
112,-7.783132,-7.901307,6.430778,-1.562203,-5.624422,-7.522485,-5.312269,6.868588,-8.219249,-5.334531,-5.757856,-4.949314,-5.299982,1.762426,7.142749,1.900973,-2.894348,1.379468
113,5.069751,-2.683710,-4.564897,-3.439437,-0.454771,-1.925787,-5.595080,-2.854184,0.897919,3.774352,-2.938813,-7.360673,1.877085,-0.723484,-7.489127,6.603564,-7.778742,-5.148327
114,-4.524243,7.264391,2.085800,3.012116,6.383270,2.152850,4.576700,4.169674,-2.185512,-9.051733,9.653454,-5.930281,-1.759951,3.165350,-2.399547,-4.315358,7.923203,0.059085
115,-2.352531,-4.324456,-1.181770,3.869889,8.164108,7.884947,4.722643,4.842655,2.989776,-1.860592,5.154804,-7.299545,-2.871142,4.747362,5.006162,-1.614960,1.054359,-0.710853
116,-5.876360,6.735410,8.040356,3.172694,8.086431,0.510294,7.734890,-7.526769,-3.827058,-3.757353,6.315972,-5.626858,-0.666694,-2.229608,0.762841,-2.749800,6.583488,-0.814281
117,-5.439098,3.993348,-9.453425,4.713898,-2.910687,-8.937848,7.410271,-7.256479,-0.756641,-6.864717,-8.099492,5.398287,-0.415857,2.039905,-5.906095,-5.091719,7.575106,1.207188
118,-0.973804,9.618804,-9.281337,3.852032,0.397304,-1.553309,9.121508,-4.067362,-6.081091,-0.050609,3.429504,-5.235148,-3.621993,2.055533,8.458286,-1.255780,4.188686,-3.076255
119,0.254363,8.812694,-3.754008,-5.519475,9.514705,6.275833,-4.597635,4.552567,3.210507,1.269317,-6.048892,8.010796,-0.153089,4.023255,-1.372091,-2.062059,-0.621891,5.960714
120,-9.245119,0.112504,2.893989,-7.591745,-8.968696,-7.188998,0.462354,-3.891064,-3.583847,0.304956,-0.414444,-8.277122,-1.499164,-7.521008,6.958766,-1.016050,4.287485,9.901817
121,-5.012889,8.865995,8.242604,3.014764,-2.083792,-1.382793,-3.041157,1.658896,-1.800474,6.515225,3.261755,-1.936096,4.026785,-5.374119,-5.070324,-0.138981,4.474839,-4.702142
122,-9.216572,9.103529,-5.634093,-9.591074,8.533639,-3.033438,0.044142,-5.323114,3.434532,6.332425,-9.288010,-7.448499,4.260843,-4.658187,-8.979874,-2.481526,6.887505,-2.440868
123,-3.021142,-8.916555,-7.844405,3.097672,5.235760,-0.178838,8.668468,2.595802,-7.522993,-2.937051,1.679501,4.475395,0.006626,5.622257,-5.704737,-4.619857,7.804416,-1.463360
124,1.449952,-0.550553,-7.849414,8.816243,5.851704,-9.838380,2.995187,1.784179,1.159053,4.910887,6.665079,-2.989106,2.754360,3.496237,-5.072340,1.528047,-7.829975,2.626898
125,9.082334,-5.484015,-3.246740,1.137857,8.330646,-8.570385,3.110336,6.984073,-1.233631,-8.769449,3.587615,5.018160,-5.563443,6.843225,8.037782,-6.039135,8.988991,2.458383
126,-9.244262,5.934221,5.371617,1.112370,-3.374635,-8.287670,-3.312127,-5.202991,0.245186,1.061200,-1.955031,-8.772155,-1.143982,-3.843435,5.923510,0.679061,4.844670,-9.866236
127,-0.027231,1.939850,-3.492127,2.248055,5.655958,8.884936,2.252255,-8.031205,-4.208766,-6.916625,4.776368,-7.134801,-2.406596,1.399390,3.309802,-7.135329,7.413938,8.070088
128,-5.693941,-8.600420,0.469946,5.084929,-2.507318,4.872508,1.233700,2.273931,0.240952,-5.890282,-6.837618,6.568794,2.642472,-9.471686,-1.863818,1.264471,-3.256174,4.906911
129,-0.189454,1.238681,8.642835,7.742558,2.023029,3.626111,2.352614,-7.406849,1.026614,8.906616,6.206847,-2.948151,5.983168,-2.629884,-7.480211,-4.917271,5.591047,5.028606
130,-6.896533,9.392120,1.273829,4.105505,7.019645,6.392142,-0.086873,4.637319,-1.214642,8.530213,-3.274826,6.038539,3.768232,5.544628,-8.959524,-1.838304,-3.670686,8.588332
131,3.458123,-9.140282,-8.341200,0.291132,-5.772634,8.442271,-8.440777,7.170087,4.658350,5.253212,-4.564848,1.427517,3.103046,-0.457967,-7.362285,1.225990,-0.238647,-4.013143
132,5.146249,3.467686,-3.935748,4.496210,4.831962,-7.539176,9.164626,2.251653,-9.995172,8.695261,1.807199,-8.873098,1.232100,1.197052,-1.253134,-1.753671,6.705836,-9.843938
133,-5.465474,-9.819837,0.408450,-6.552904,7.332089,6.430784,-0.730901,-8.004997,-6.320630,4.995818,-0.240334,6.341760,2.034587,-7.702199,4.381278,-1.640448,5.819736,2.798296
134,0.251431,6.517607,-7.905968,-8.626668,4.789912,1.095345,-7.545274,6.787172,0.227145,-5.587120,-6.453751,3.125400,0.086893,1.496093,-4.827567,-5.224527,4.570725,8.962379
135,-7.683572,7.334710,3.887243,4.077952,5.368200,-1.290016,-4.612844,-6.548642,-7.947300,-8.502212,1.189285,-4.932272,-1.842790,3.652224,-3.445310,3.514428,-7.080661,-3.426685
136,-9.633507,8.874631,6.852313,-9.679937,4.401322,-1.867014,2.141577,-2.978690,-8.232202,-3.544254,3.668713,4.925953,-0.271631,0.338075,-4.494082,6.926335,-9.434852,-0.738702
137,-1.775266,-5.439656,4.170634,5.279230,-1.640205,-0.645635,0.216921,8.368576,-6.216289,-6.374912,-6.684546,9.080859,0.557245,4.222064,-9.229304,-7.148982,8.827013,7.258238
138,-3.864440,-3.419091,4.907775,-5.291176,0.327713,-5.720867,-6.836878,-7.004478,7.863185,-1.057889,-9.982191,1.900715,0.831027,2.031843,-7.137261,1.337947,-1.721322,-6.100504
139,-1.080362,-5.192146,-0.757537,4.433636,1.596633,9.370194,-0.953472,0.770458,4.130488,3.090009,-5.452198,8.660699,3.896929,-1.973341,-7.780091,0.171564,0.578811,-0.492765
140,-3.621815,8.725142,-4.915963,6.493779,-0.799684,-2.752530,5.082189,0.023960,-6.658883,-4.456369,-6.428507,3.140468,0.197403,4.463884,-8.849361,-3.280367,7.461910,-8.866951
141,2.112551,-5.340754,6.139718,5.672608,-5.351519,0.154057,-3.669027,-3.589420,5.297293,6.695667,-3.461207,8.434568,7.618767,-9.792154,-6.979377,2.560742,-3.581919,-1.606285
142,-9.781404,9.673828,-0.990631,6.054948,6.103111,-9.275752,1.616840,-2.318949,-8.199763,1.156958,-7.673797,8.750321,3.732595,-4.566058,-8.474301,-1.952217,5.465044,1.954570
143,-7.957010,-2.373699,4.155849,-2.625269,6.092804,-6.495824,8.380751,-3.873748,0.162120,9.426345,4.120010,3.254360,5.581478,-7.214130,-5.668913,-0.458259,6.098303,-3.436292
144,-6.107124,2.002867,-2.094627,1.530096,-7.275143,9.020878,-2.512860,4.958708,8.545237,-2.063382,-3.778360,-1.146829,2.209048,-2.808948,-7.033546,-5.030172,9.666148,-1.167263
145,-9.777857,-6.933523,9.304156,-9.451472,3.923163,9.062690,7.744654,-1.372511,-3.967818,-4.924155,-8.754897,-2.790519,-1.769540,7.597924,-8.099010,-2.993640,0.257843,7.162707
146,-3.578770,-7.017951,5.617037,7.714185,3.082988,-5.263740,-3.619935,3.274461,5.218754,5.722564,2.090712,6.798914,2.005899,-0.423256,-0.250535,4.219459,-8.676612,3.278147
147,-6.658174,0.025622,-5.684368,-3.584599,9.030191,6.532066,-8.882234,0.284482,4.339055,5.347198,-8.998569,-3.855299,1.655583,-1.791304,0.050882,-5.836629,5.055232,9.795271
148,-1.121911,2.235861,-1.047194,-5.005661,-2.375956,0.391900,-3.114216,6.279745,4.201940,2.409201,-6.497914,2.880278,1.701537,-8.781284,1.080462,3.918581,-3.172817,1.584869
149,0.130743,9.587922,-5.966140,2.783905,3.023117,7.734670,2.103789,2.746349,-5.939014,-1.644267,-6.312193,-9.907346,-2.519300,9.872554,-4.995938,0.503212,-3.905974,-2.939623
150,-6.136193,4.773869,7.565558,3.751489,-1.352432,8.104981,3.035121,-4.119206,-0.809709,4.324560,-3.095119,6.723144,3.611892,-4.514056,-4.118861,3.508925,-1.354335,-8.509059
151,-7.249055,-1.660108,0.821367,5.469620,-3.323527,-9.982898,6.095792,-7.016889,-7.808509,5.654633,-0.290402,-6.580236,-0.820327,-5.948577,8.866631,2.572161,3.527201,-8.283815
152,3.602055,-4.863606,-5.987973,-6.949817,-0.598916,8.482755,-4.383192,-7.937387,1.263453,4.569581,3.349291,6.531264,3.862731,1.970966,-9.579962,2.651254,-5.147440,-0.799373
153,-9.286275,4.602918,9.175459,2.779854,7.321273,-9.997812,-1.436144,-8.208869,8.845378,-7.266592,2.843797,2.917267,-1.378974,-4.408318,4.146365,-0.458272,7.835574,-9.548853
154,0.226369,-3.103384,2.288682,7.572187,2.572026,-0.490285,3.293163,3.377477,-2.785542,0.713489,-8.462052,-3.590704,-0.578806,3.698073,-1.814215,2.308122,-6.284215,-2.140836
155,-8.677108,2.455051,-3.649614,-0.389922,-5.720537,0.532022,-0.607645,0.027343,7.505157,4.634060,2.732334,-4.034923,0.723929,-1.646195,0.363224,2.790276,-2.999287,-1.700712
156,-5.529248,-4.103854,-2.256031,1.392748,7.511691,-8.574114,4.072095,6.477293,-9.299225,6.210122,-8.330809,-6.247917,5.190600,-2.817572,-9.517791,0.697369,-2.096708,-5.036520
157,-1.638327,2.949305,-7.574226,6.575618,-2.710867,-1.319326,-3.867714,5.694062,-1.670121,-9.656032,-7.223798,-0.243354,-3.669238,4.349786,-1.703003,1.052161,-4.949786,3.633136
158,-9.092890,4.636721,-4.577660,5.435446,-2.898737,-2.546631,0.905825,-4.243811,-6.421528,-6.938575,6.564481,-4.126068,-3.617242,0.961206,2.605703,0.008634,1.559444,4.967642
159,1.610914,-7.284145,2.439297,7.838696,3.614730,-6.843801,-4.838636,6.666375,-2.963199,1.495295,8.816730,-4.144068,-1.773874,4.998104,1.110912,4.316289,-7.004427,-3.886496
160,4.753479,-6.640736,-8.714877,8.501115,-5.566622,-1.643591,1.287061,0.082252,0.941012,8.335153,3.917769,-7.407437,5.493654,-2.862663,-8.274366,-3.273471,3.851548,1.518604
161,1.201958,-3.873731,-1.344703,8.765364,-8.764562,-2.497308,-2.882249,1.892599,-0.722962,8.588604,-7.473081,7.887928,5.988265,-9.574630,-0.033837,-2.611356,2.235648,4.825729
162,-5.364646,5.477089,-0.051647,4.778987,-9.242810,6.778148,2.441574,-6.556025,-1.468877,-7.631006,-8.434853,6.040944,-5.638329,1.079152,9.134486,1.285223,-0.458331,2.409568
163,4.055307,-5.874295,-9.591438,-5.104620,-9.132837,-4.883360,-7.975252,3.234144,4.158388,-9.320065,-0.599356,-6.300702,-1.866155,4.757977,-8.914522,2.004015,-7.741536,7.751839
164,5.654931,8.585905,6.670805,6.694998,-2.024417,5.741363,8.121160,-8.388556,8.375693,2.767772,-4.793565,5.887441,-2.303929,2.842150,9.315795,4.599905,-8.749523,-4.682541
165,-6.607219,9.717129,-0.820864,-4.691287,5.833100,-4.874795,2.558842,-7.951166,3.157767,2.908503,-5.176267,-4.596914,3.678074,-3.621716,-9.704130,3.229779,-1.358120,-7.238154
166,5.179103,-3.814701,4.591465,1.104993,-6.145622,-4.661584,1.954279,4.325755,3.621427,-7.198071,6.469383,-2.541973,-3.690977,2.388261,5.020339,-3.666297,7.970402,-1.543556
167,0.749533,-4.343788,-3.749659,6.212345,-9.525937,6.111169,-0.037221,-8.827376,8.504086,-2.994105,1.313028,8.543825,1.244433,-3.008199,-2.189941,-2.043204,7.242335,-4.494734
168,-7.044756,9.246518,2.797687,2.852424,3.475742,8.507359,-0.786162,-4.042901,0.524611,6.729356,-3.118777,-3.437773,-0.139250,-2.764215,7.620118,0.242315,-1.613422,3.113512
169,-3.368671,2.907802,-8.927367,7.267820,-6.506824,-2.494488,1.726092,1.200720,-8.565882,2.508786,0.537393,-5.774699,2.257505,-0.013779,-6.482894,-5.837574,7.483276,8.980418
170,0.210189,5.445885,-3.617310,3.258991,-5.809727,-8.175249,1.717033,-0.408983,8.077409,2.252679,-8.075728,-9.210872,-2.827385,-2.700235,8.850762,6.727195,-7.684917,-6.720021
171,2.638832,-8.540121,6.971414,9.075892,6.083452,-3.709619,-3.733568,-1.713398,1.320546,6.864247,4.034803,2.421843,4.788993,-1.165478,-6.805140,2.170491,-3.065888,-5.388418
172,-4.694392,-8.947525,5.703930,-3.463838,0.537650,4.390787,9.869292,-7.879580,-2.346491,5.445940,-6.472235,-1.340973,0.937355,4.489953,-6.329217,2.220288,-9.297045,8.734503
173,-9.959069,-6.955468,-5.898382,-6.005015,-1.266440,2.535431,3.262658,-3.548323,-8.778467,1.387755,0.695037,-6.580242,-2.262204,-6.152971,6.798391,6.472125,-3.586582,-3.456045
174,2.436141,0.902162,-6.903087,0.799288,-5.095570,3.311150,3.675699,-9.197923,3.003867,0.583144,8.258953,-6.645417,-4.076773,8.076341,6.919920,0.903898,-7.033501,5.893399
175,-6.795827,-9.996514,7.327686,-1.912763,-3.207869,4.817034,-0.496576,-3.922343,9.800784,0.354184,8.466937,-6.699165,2.786870,-3.131314,-4.611395,0.707766,-5.569901,8.498814
176,-7.970801,9.871431,7.266118,-0.739024,8.918288,4.819455,9.941925,-3.520446,-8.635012,9.802123,1.414593,1.821827,1.011499,3.428940,3.568364,-0.370683,-7.224333,9.373180
177,-8.459784,9.105550,-5.038278,-3.611860,2.654312,-1.711287,-8.387464,7.610474,3.361417,-1.924861,9.882361,6.683127,3.110799,-3.004039,-5.706545,-0.437382,0.947728,1.046086
178,-4.965994,-5.529547,4.499664,-8.042962,6.097884,1.027195,-6.495137,-9.284060,-2.008399,-2.265958,8.579199,-0.423172,-0.661161,3.268909,-2.668935,1.379786,-4.853998,5.557396
179,-0.818885,-7.616363,-9.515032,4.806857,-9.363123,8.239977,-6.065945,-4.755965,1.891413,1.424740,4.646082,-8.517743,-3.164672,-2.094643,8.915162,5.990550,-9.031340,4.377110
180,6.057199,0.701159,9.058171,2.499387,2.498730,8.307506,4.706938,-2.788115,-2.381373,6.174396,-6.838012,-0.190969,0.806346,1.182829,3.870229,1.899879,-7.822620,-0.385591
181,-3.202074,-5.083535,5.881380,4.415283,8.978181,-8.629435,-1.277324,3.104624,-0.832389,2.165020,-3.920775,7.982707,4.616844,-9.566443,-2.743587,-1.308904,4.008157,3.354602
182,5.098551,-5.197154,1.485290,2.286865,-2.273217,9.795814,1.911275,0.875537,-4.722105,-9.741500,-7.548129,-4.509529,-6.024864,6.511414,5.854837,-5.101829,4.168109,4.375917
183,2.375462,8.570924,-9.015414,6.116073,1.635829,-5.886012,0.825360,2.926395,-5.850683,9.473324,-0.993188,-9.435000,-0.817914,-1.644002,7.596844,0.590219,-2.980214,7.730679
184,-8.280663,-5.079743,-1.499960,-6.537300,9.773908,-6.581555,5.852325,-6.073359,-9.936671,7.235900,-3.599129,7.896582,0.226678,2.354736,1.384047,-3.282630,3.502294,9.393958
185,-2.329571,2.661157,5.551294,9.124568,-1.034259,-9.436226,-4.680517,-1.121960,1.156963,-1.141970,4.627438,9.322665,-0.380742,2.172892,3.425172,-0.318371,-2.699715,1.820788
186,-8.791664,0.067320,-3.315952,-2.162319,-9.576791,3.195372,-9.903640,-7.163869,-8.160362,0.483995,-5.711020,5.441684,2.609042,-4.432846,-6.540359,6.504445,-9.649214,1.464530
187,-0.733562,9.025257,-1.911464,5.266110,-4.365835,8.389473,6.544032,8.245674,-9.028833,-7.619640,-9.163991,4.148135,-5.608223,5.973209,4.290873,2.097408,-0.376878,-9.937975
188,1.623643,-4.790564,-2.602622,2.966338,1.602253,-9.591163,1.387915,4.681513,9.354638,6.602188,1.506156,9.270087,6.255649,-8.168957,-2.580789,-4.709765,8.066347,2.022419
189,-7.984929,5.964336,5.484299,-1.646896,-2.718647,6.039241,0.917785,6.996096,-6.231015,4.513734,6.752417,0.708015,2.453628,0.265357,-2.625530,1.231493,-1.670588,-2.607695
190,0.262547,-3.062832,6.652809,1.495552,8.277224,1.371957,-5.065582,6.103663,-2.771268,-5.443541,-1.573883,-6.983692,-5.312918,4.843900,7.720551,-0.667385,-1.272927,2.699273
191,-4.927602,-8.814392,-5.497887,5.389831,-8.266203,4.248762,-8.362574,-2.550670,5.324379,-7.186709,-7.018323,6.813423,-2.650708,6.531781,-4.043979,-2.757533,1.518287,5.736374
192,2.674018,-9.165755,3.087435,-3.665577,-3.471916,-9.171873,-8.202958,0.781021,2.276217,-5.501218,8.355164,7.823637,-0.998835,-7.254062,6.434313,4.600386,0.195922,-7.055668
193,-6.621615,1.097880,8.913262,-9.923692,3.183465,2.448457,-0.629061,9.080531,-1.269632,-5.259956,-3.711969,8.384998,-3.325488,1.849806,3.960155,0.307648,2.333715,-2.421461
194,-1.784704,-1.547314,-6.230407,7.577175,-8.024079,-7.030172,1.653046,-9.068112,5.258036,9.931274,-3.906082,3.074221,1.195330,-3.585692,7.128387,-1.232750,-1.313461,9.451607
195,3.542732,4.635149,8.468482,6.421371,8.476341,-9.907353,-1.200559,8.662459,7.333771,-0.736623,2.554375,-5.030594,-2.800689,2.836921,7.502049,-3.033953,5.538717,-4.044854
196,7.072670,-4.309469,-9.755482,2.945685,1.425256,8.564598,4.016992,1.467506,-7.971130,5.616619,4.913164,9.430992,2.247887,-8.814129,5.567617,3.430183,-4.693105,9.221435
197,-5.845397,-2.063989,-7.071421,5.910667,1.846797,-5.562854,7.149624,-4.952116,2.583872,9.937761,4.186710,4.551036,4.224743,-2.032626,-3.607879,5.531960,-9.053641,-0.248624
198,7.605599,2.297134,-5.389938,8.846483,-1.457230,5.738401,-3.824204,4.349526,-4.955777,-0.082472,8.000200,6.373022,3.711306,3.217493,-9.905715,-4.579759,4.886535,0.325786
199,5.149531,-3.159347,-9.333668,6.205047,0.715930,-6.328436,0.376800,-8.275326,-8.767528,-9.143022,8.251717,8.371057,-3.366396,2.123775,4.676492,-1.726455,3.208643,4.996173
200,-2.501516,-9.780059,3.133823,7.088536,0.567716,-5.824724,1.323035,-3.072475,-9.392456,0.189217,5.509015,2.691780,0.585286,-4.115271,6.437565,-2.503266,2.147968,5.338204
201,-9.540604,3.861412,3.047231,-5.147887,0.461746,2.031388,-0.800953,-6.389809,-5.754040,6.913316,-0.048887,-1.197986,4.454939,0.591304,-9.539861,2.737803,-6.968106,-1.267579
202,0.885688,9.193555,-5.622869,-3.675579,-4.255943,4.916383,-0.205204,-2.258054,-6.833515,-6.919941,-0.507950,2.999366,-4.593661,8.066722,1.232004,2.604036,-3.232426,-6.980437
203,-0.157220,0.143748,4.792320,-4.342208,2.091300,5.719261,-5.256645,1.883073,4.796724,7.600343,2.994265,4.407484,3.526421,-7.804985,0.592012,3.376544,0.976296,-6.173556
204,-2.600154,-3.368835,8.331116,6.684407,7.648184,-1.899809,-5.558713,5.074829,7.694894,9.598221,5.322604,-1.349653,3.073417,-3.037849,3.247102,-3.152428,1.272985,7.369660
205,2.913165,-4.216989,5.579702,-3.346577,-4.205714,-3.461854,-0.259803,-4.035615,4.920307,6.856482,-3.024889,-3.472917,4.990381,-3.549840,-7.909049,-0.506351,-2.072520,6.522670
206,-2.606781,2.352610,3.348016,-9.768069,-3.390337,6.575946,-0.612603,-5.496321,-8.366329,2.820363,5.405659,-9.341721,-1.122632,6.915368,-4.106047,4.090807,-7.483329,-0.108142
207,6.213455,1.924125,-6.487799,-4.219997,5.595196,0.082268,7.883104,-5.036544,2.770016,5.625151,0.616004,9.322214,6.540983,-7.454125,-8.242402,-2.089328,5.580612,2.489920
208,2.881105,-6.333035,1.722748,-3.856867,0.258637,4.639948,-2.277864,-7.194367,6.989489,-5.714543,-1.056052,-3.139977,-3.731999,0.274686,4.231359,-0.669790,4.695819,-0.927868
209,2.218671,2.856476,-7.878845,-8.661892,7.653713,9.477473,6.777467,-0.507186,-5.220843,-1.074049,-8.065245,-1.983133,0.711398,-2.649863,-3.059384,-2.855671,9.126546,-7.679495
210,-4.092041,-0.748204,-2.145308,4.293980,5.478198,-2.676865,5.057305,0.427643,-8.264485,-5.182033,2.175446,6.560436,-0.995311,4.256205,-0.076780,1.025913,-5.034754,-1.580593
211,-9.554683,1.909722,-3.336712,1.457049,-4.145523,-0.908601,-1.113472,2.564697,-9.332096,-2.238006,-3.518445,4.635918,4.217883,-9.192068,-7.268939,1.642249,3.815044,-7.817748
212,-6.114973,4.602630,-3.067252,-0.147034,-3.328492,6.712395,3.848370,0.602720,7.403641,0.799751,4.399136,-8.668864,-3.569008,1.498973,9.055260,4.770473,-8.468455,2.248208
213,9.170253,-1.517316,-2.189180,0.211733,-1.254495,-4.198487,-5.042195,9.211353,-3.887507,0.588494,5.946700,-8.583957,-3.216701,5.158006,5.078902,1.723838,-5.601365,4.318604
214,-9.620182,4.521583,-2.404962,-1.560569,-1.944217,-7.842816,1.365040,-9.765654,3.614819,-8.902348,-4.788644,-2.429954,-4.651418,6.980928,-0.258012,2.622463,-4.049229,-4.862899
215,-4.794984,-6.242236,7.743701,-5.618784,8.476782,4.833568,-3.007573,3.615716,-2.093723,-1.944078,-5.232513,0.707754,-0.621501,-9.729228,4.482561,0.198156,6.570243,-1.461843
216,-1.768851,0.538207,-2.740925,-0.111365,-3.969769,-2.490935,3.241848,-3.172539,-7.113684,-1.910537,-1.511037,-1.438125,0.588542,-5.111729,-2.148001,-1.618527,6.398389,3.811267
217,-0.605326,4.015080,-0.508760,2.275484,-5.169325,6.414672,0.408474,-3.335846,-5.461192,0.859311,1.069987,9.218608,2.281541,-5.260941,2.991093,0.407149,2.548380,-6.860210
218,-3.830653,6.279285,-2.831619,4.083745,-2.871607,-1.363796,-3.507085,-2.103318,4.459589,-9.405534,0.798680,-5.981950,-5.723115,2.464997,4.639043,2.312809,-1.287620,-1.632299
219,-2.752808,5.611427,1.161958,1.122420,6.360052,-5.438106,6.657922,0.006279,-2.852391,-2.875204,-7.638179,-4.816566,-2.846407,8.501354,0.723747,-4.186119,5.222396,-8.369475
220,1.681076,-1.893545,-0.123920,2.429962,-4.767576,5.497628,-3.111744,8.549999,-5.670038,-4.857599,7.282209,-4.646634,-2.633207,-1.003843,7.677326,-3.937335,8.279698,-1.967087
221,-7.254268,-6.694154,0.487073,-3.248248,-8.116523,3.825908,-3.179583,-3.339030,-9.355575,-8.760570,7.504853,7.652222,-3.342575,-4.158443,7.255711,-0.488642,5.767064,2.692470
222,-2.686120,3.197477,3.978799,2.466842,3.588674,-0.268060,-8.654443,0.673917,6.667636,3.284573,-9.761983,4.387195,1.274055,0.326484,-5.219535,5.102841,-8.911915,2.109740
223,-4.175848,2.262354,-4.866057,4.932756,5.427963,-4.706318,0.125221,-4.388656,-0.556741,6.903185,-0.525881,-7.919491,-0.128618,-2.283478,1.360924,7.511960,-9.397266,-3.160467
224,2.254222,8.039603,-3.471627,-3.062344,7.932304,-1.829340,-2.029608,3.806088,6.184101,2.345867,-0.780470,2.722198,-2.073062,3.966023,6.330592,-3.708572,2.162476,8.646430
225,-7.631125,0.130885,0.599682,-0.898785,-8.321061,-1.748436,-6.341295,7.020653,-3.098435,4.371311,-8.741052,-0.499153,3.134691,-4.865396,-4.522382,5.949553,-6.345181,-8.940786
226,5.728794,7.318133,0.612407,6.478766,5.368885,0.761456,6.277407,-8.293320,6.326760,0.160814,-2.448316,3.599473,-1.500021,7.787483,5.258705,-7.792254,3.855621,7.805052
227,-4.973689,0.247904,-5.449897,4.707160,0.311742,4.989096,5.887380,4.362711,-9.656405,-3.813283,8.498255,7.514843,-0.502682,-6.128728,5.449206,6.050371,-5.587033,-2.337598
228,4.259833,6.822575,-2.837215,-3.172126,7.478927,-6.966337,-7.720102,5.798811,-1.598940,8.371071,-9.394289,7.658812,2.697069,-8.833114,5.164376,7.131156,-5.802505,-8.098436
229,-8.029819,-6.344250,-7.542390,8.991165,-8.049869,-4.579196,0.681828,-6.380388,3.219636,-1.435559,-4.948871,-8.408049,-2.832846,0.843507,0.170573,3.766853,-1.575328,-6.197881
230,0.873654,-3.374191,-3.183954,-8.909262,5.919228,2.230370,-0.244187,-8.857021,3.590570,1.318297,-9.891134,8.829858,-1.086743,-6.577838,8.878431,0.533105,-0.929071,9.097416
231,-2.844808,8.226425,4.722476,4.712503,-3.673779,7.256382,9.548002,6.662655,-7.955686,-1.124610,-6.440135,-2.042490,-3.529557,5.611880,3.453561,2.981486,-7.703362,0.386695
232,-4.194099,-3.676602,6.832089,-0.429982,-3.843195,0.106714,0.424698,-9.826300,-2.747612,3.542029,7.812149,-9.781485,4.255459,-0.900563,-9.990986,4.528711,-6.698879,-9.739122
233,-2.267369,3.048862,-3.404392,5.774386,-2.548242,-3.965087,-6.373292,-7.868325,-3.722592,-0.902094,1.263066,6.306943,1.882129,-3.885596,-1.193399,5.956974,-9.470797,-0.480104
234,3.200975,3.692093,-1.107659,4.409493,3.683932,2.901378,7.349992,1.997840,7.570128,5.746340,-5.094841,-8.506144,0.460181,2.285947,0.902148,2.916807,-9.508814,-0.912637
235,-3.657445,-3.637721,2.780360,6.030283,-6.386981,-4.792014,1.623313,2.307578,6.623939,-2.299631,-8.587066,4.125162,-2.796605,-2.150503,7.871353,3.246324,-8.167579,9.732969
236,2.374861,5.104688,3.197678,2.737478,-0.571154,4.443942,-5.254766,-0.232457,7.443300,-5.590390,-5.569062,0.104142,-2.868940,9.249418,-2.900836,-7.902810,7.994657,5.309022
237,-5.373963,0.046219,0.370006,-0.005599,9.673036,-4.183888,-0.043130,1.802450,7.520987,6.131230,4.262265,-1.077773,3.542035,-9.878345,1.110777,8.313178,-8.398210,-4.740556
238,-7.976062,9.496156,-5.533351,-0.095779,-4.066039,-2.345223,-4.958113,-8.229635,9.467485,-9.955175,0.877354,6.837430,-4.846905,1.160770,7.981169,1.406208,3.213615,-9.342572
239,-1.791169,5.272377,-7.320733,7.822425,0.542498,-0.813850,0.789643,8.890682,4.611653,-5.858169,1.267280,-1.304061,-0.474935,8.941536,-8.917717,-0.271903,-8.352804,7.880189
240,-5.769880,2.503112,9.973171,-5.049605,-5.483646,9.849515,-0.860588,-2.944057,7.155584,-4.946253,0.107165,-5.282946,-2.677150,1.027100,2.934332,2.394000,-8.084271,9.981787
241,-2.149072,-9.327551,8.434963,7.254427,2.854621,-5.730963,-9.347671,2.656039,1.868573,-7.459102,2.806496,-4.070886,-3.772413,-1.709556,7.367327,2.108818,1.099223,-7.474455
242,-1.820287,-0.827051,0.899669,-4.867279,-8.480849,1.317478,-5.060466,-5.615898,-0.529130,-5.670199,-4.707142,8.216408,-3.232071,3.595560,1.138942,4.001162,-2.943294,-9.746029
243,-7.680911,-4.261886,-4.712448,-2.250695,7.641567,0.887976,-5.906078,9.483571,2.604316,-9.637569,6.417292,8.239935,-2.467079,5.619318,0.872743,-4.182137,1.558412,9.746775
244,7.459105,1.397009,-2.557326,9.365082,1.379368,5.632730,-1.695499,-0.221099,9.826872,-7.396704,8.650577,2.018222,0.348310,8.266444,-8.529937,-7.055249,3.708227,9.616517
245,9.468948,-7.866172,-6.006817,1.322848,-7.364548,-8.946203,6.031098,-6.516274,-5.765613,-4.675084,3.319810,-8.197110,-5.423601,4.652214,5.335800,5.083171,-4.142630,-9.456157
246,-5.145311,8.605747,-0.858517,-0.955388,8.192822,1.546356,1.662198,4.437675,1.908376,2.277470,4.860709,5.047360,2.238529,2.745047,-4.548810,-4.055893,1.728992,7.737798
247,2.246602,9.264121,9.872631,7.014509,4.191687,-1.585390,7.404659,1.265807,-9.274649,8.746247,-5.193884,-5.075387,0.072252,-1.537978,9.553118,-0.905060,-3.341809,5.834595
248,1.379897,0.479390,-3.678008,4.059937,-5.581685,-1.228100,-7.139793,2.036875,-6.499636,-5.122597,0.417475,-8.760743,-5.778330,9.496309,1.998114,-0.281643,-2.781032,5.435157
249,-2.886425,-5.996684,-9.871785,-2.135572,6.333021,-2.939009,-6.495296,-5.832071,3.610146,0.377472,-7.032636,0.151491,0.484753,-4.639473,1.417561,-1.314117,5.709741,-2.139494
250,-7.771755,0.679860,-1.447626,-3.512115,-1.301578,-5.540246,-5.514158,3.906571,0.959077,-5.735777,8.303146,0.196005,-1.243830,-2.188052,1.903359,-0.972101,5.607735,-3.738628
251,-2.151029,-3.854457,9.838417,8.459042,-4.783825,4.248679,6.489499,8.941504,6.317558,-3.776750,-4.337638,6.604018,-1.965788,4.698104,0.566950,4.580718,-8.969441,-7.209603
252,9.474699,-4.443615,-9.132629,-6.092782,-2.905180,1.391811,-5.559285,-0.355831,3.299276,-6.661693,2.599400,-5.060851,-4.147199,3.841658,4.485283,4.955884,-6.886497,-5.762887
253,-0.477737,2.545571,-5.705813,1.724439,7.184198,-6.115535,3.253998,-8.924643,-3.119349,-5.477592,-6.775991,2.557076,-6.014746,8.953027,3.107682,1.534027,-4.587533,3.633235
254,-6.104797,7.890561,-6.091784,1.978427,-2.205323,-6.849301,4.160686,-7.982671,-5.848029,-4.652557,0.301235,-0.179944,-2.240328,-0.876222,4.266432,-2.978334,9.270555,-6.816080
255,-8.218881,8.497059,0.201735,4.940322,-0.953590,1.025206,5.281591,5.277589,-5.140254,-1.502169,1.176799,-4.193805,0.932760,-5.396998,-0.952702,-0.013278,5.194396,-6.001089
256,-0.395202,-8.295645,-8.720580,7.454699,6.167229,-3.801382,-6.854776,6.655725,-6.935354,-3.875325,-9.750791,-6.369627,-2.918634,-1.082079,5.805393,-2.423673,1.928705,4.577644
257,-3.466645,-2.664035,-5.164479,-4.014445,1.923212,0.888583,-5.388333,-2.101181,-0.513609,6.081643,-2.921945,-4.066068,4.811818,-9.907095,-4.188686,2.591858,1.023601,-4.925526
258,-7.543603,-2.785667,-3.799062,1.812889,6.489012,-7.616598,4.568016,1.149231,-1.417364,-5.056306,3.411522,0.252859,1.596315,-2.473992,-3.798863,-0.817768,2.762411,-4.608198
259,-9.951423,-4.030556,-8.191859,-1.793556,-1.612334,-1.139632,-2.223724,-7.003703,2.231962,-3.467963,-9.941933,-2.386428,-0.920959,-1.478740,-5.914481,-2.733532,5.812298,7.037099
260,1.343936,2.208582,-3.698127,-1.812238,0.047368,3.685174,-7.676520,-0.430078,9.293183,-4.811436,7.571662,-6.717081,-2.473164,6.197656,2.257441,0.769936,-6.542677,-0.153706
261,-3.717285,2.329352,-6.533314,1.862048,-0.284198,-1.161811,0.092226,0.219503,-6.485780,1.878211,-9.049916,9.916569,1.231587,0.866783,-5.590778,2.521218,-3.082598,-2.739244
262,-2.240887,9.149467,-0.922980,8.801561,-1.654655,-5.160880,-3.411704,8.666055,2.885322,4.431582,5.815733,4.127389,4.597991,2.910265,-8.061047,-3.910181,1.760378,0.691307
263,-8.454054,4.084698,5.997520,-5.971644,3.713081,-0.681747,7.540301,-7.463224,5.260965,9.530789,3.495169,5.921990,7.034503,-6.942017,-7.081520,-0.431768,0.375731,3.150005
264,5.861486,-5.290860,-9.193430,-2.100417,-4.801721,1.181325,0.424591,-5.959294,1.873278,-8.589100,3.484860,5.055897,-3.891213,-1.466912,8.633347,-5.955398,9.802751,7.997236
265,1.302858,-7.878789,3.352509,4.561517,7.723174,-5.300688,6.951485,-4.488261,-9.326334,5.223388,2.386241,-0.489113,1.725325,-1.059805,0.302407,-2.145935,0.555837,5.105916
266,2.179112,-8.765707,2.626359,9.732112,-0.960896,-5.976005,8.121943,-0.838261,-7.556822,0.694881,8.794153,-0.164469,2.486818,-8.401385,-0.044342,3.869329,1.029534,-6.506047
267,9.181149,-5.130164,-9.755059,6.686202,-0.373220,-3.730636,0.872542,2.977412,4.548634,9.317173,9.488527,-4.915263,1.752943,-0.730828,5.920738,-0.903316,-4.315435,8.581605
268,0.754652,7.875189,0.926159,-4.432371,0.561968,6.731074,8.669708,-9.603112,-1.934539,-8.017432,6.196223,-1.539412,-4.275965,9.940885,0.671968,-0.548446,-3.158291,2.689915
269,-3.484673,0.204973,-8.829578,-2.923711,4.720258,-6.745980,0.295957,3.433271,0.557350,9.044398,-1.560669,8.380806,2.368522,-6.310480,6.372052,4.763831,-8.656224,6.128663
270,-5.306520,6.772538,-0.181805,8.291372,-2.038451,-1.344711,-7.282406,5.090824,0.576983,-5.355830,4.937715,4.824045,-1.488440,0.292413,4.623053,-5.531066,8.928666,0.414068
271,-9.532996,3.210184,-7.029954,-5.623108,8.811942,-4.027768,-0.925852,-8.463786,1.502968,-6.252425,9.629795,-0.870959,-1.454018,-3.663768,4.616861,2.262444,-0.914464,-1.242710
272,-1.337360,-6.977648,8.455914,6.288019,-1.885680,0.324966,7.725828,-2.357886,1.719601,9.732215,1.634405,-2.764509,2.463048,0.437253,-1.091182,0.372480,-3.647535,4.083698
273,-2.827175,2.122942,8.079193,4.979104,1.240755,-8.032390,3.824840,-3.496953,-1.733391,-4.130640,2.536311,1.176299,1.595292,-3.378144,-4.265597,0.855752,2.511840,-7.565973
274,8.619385,6.884830,-2.894447,8.982954,3.677244,1.281863,9.375057,-5.753298,9.059768,-2.057453,-1.147348,5.584011,-2.531446,8.748926,2.178778,-0.279256,-6.248144,3.503688
275,-9.570683,-5.783747,-6.326347,-5.063731,2.564931,0.572889,-3.750192,-7.475398,3.175050,-7.604930,6.981135,5.313331,1.795990,-5.888772,-7.023190,3.952563,0.758095,-7.265245
276,-4.129279,3.065609,-0.480481,-5.698984,2.232917,3.445841,-5.949413,7.165400,-3.444523,-4.523988,-4.509889,8.791195,-1.152313,-2.402222,-1.226895,6.110167,-2.357356,-9.455585
277,3.159950,-1.721302,-4.095296,3.970919,8.944445,-0.014183,-3.357968,1.830211,-5.293793,1.372562,8.767569,-5.466208,2.202318,4.872312,-8.524086,2.729145,-8.057536,-0.909456
278,-2.261513,-8.199764,2.734236,9.153016,3.613496,3.813238,6.731183,-4.703907,7.430373,0.847675,-3.479295,-9.352637,-1.699474,1.111711,1.328931,0.723418,2.227692,-7.860246
279,4.919514,8.878428,4.439095,1.711700,8.024017,-6.101603,2.429005,-3.507700,7.486644,-3.377207,-5.156867,9.220947,-0.024427,0.387860,2.373029,-4.104577,4.652519,-1.923206
280,-7.287961,1.671486,4.976784,6.451417,-0.835501,-9.869867,3.946433,7.590460,-7.183032,1.575057,1.978111,-3.931646,-0.314791,4.453069,0.307697,-1.091696,-6.010061,8.770642
281,8.189173,-4.700338,-8.859389,8.362128,-1.463826,4.608365,4.068737,3.225110,3.943230,-2.106205,-1.379445,4.308419,-2.158397,3.820209,-0.033576,2.539342,0.542969,-9.075250
282,5.857158,-9.838020,8.559355,9.160404,4.714425,0.133083,6.279508,4.096548,3.805530,4.981395,0.731836,0.747181,-1.960473,0.914799,6.275484,5.035509,-3.375659,-7.561474
283,-1.291801,-9.773579,8.441933,7.473303,-4.835620,2.857037,5.367308,-2.324724,-4.710318,-8.864743,-2.279891,0.876812,-4.855859,3.971222,2.461794,-4.339440,9.550379,1.612693
284,3.772476,-7.220454,2.654771,-7.365239,2.622534,6.124959,-6.867385,4.405900,6.037012,2.243562,4.165406,7.739090,0.248876,-1.745604,4.889006,3.366573,-1.066265,-7.758457
285,9.196176,-9.778676,2.369880,-0.883627,6.254429,-7.336603,-7.500967,9.913991,-6.053688,5.036568,5.658712,-6.890463,2.919465,-1.862791,-4.319547,-3.136307,1.674410,8.284423
286,-4.371076,2.424969,8.255797,-5.393303,4.114971,4.234375,9.109768,-5.304031,5.883243,3.253038,-0.177475,-9.636751,0.213572,-5.038602,7.052027,-1.194488,4.273368,-5.812839
287,-8.963090,3.374410,-2.827154,1.461664,-0.863990,4.388412,-9.020812,8.172173,-0.656039,-7.233232,-7.608668,-8.256521,-2.422269,8.395734,-8.716105,-7.263744,6.868108,9.942279
288,2.867786,3.522653,5.024631,2.715928,-9.473265,0.637717,9.823935,-5.354252,7.016030,2.583292,4.875939,0.142206,3.480850,1.986245,-6.077312,-0.740396,-1.017366,-3.657660
289,0.086708,-3.322365,3.688245,0.689397,-4.797701,7.621559,-6.573661,9.848496,5.473170,-6.664222,0.039774,0.642763,-1.615261,4.056955,-0.634349,-4.979160,5.091369,2.224318
290,-7.541915,-8.785076,-0.441014,2.822761,-2.452038,-5.691591,7.869218,3.453271,-7.482204,-0.503991,-1.719479,-9.418311,-0.433988,-1.542549,-2.024226,1.806470,0.149533,-6.146557
291,3.490706,-8.653644,-6.179630,-5.070771,-8.976840,9.407475,-5.038512,2.685122,-2.970360,-8.652717,-8.447210,2.528992,-4.351738,2.623336,5.028501,-1.200019,5.475750,-9.365393
292,2.394478,-6.464239,-9.680479,-6.861093,-5.343002,2.137900,-9.092499,-2.955491,3.029484,-8.371811,-5.460534,-4.864466,-1.655778,-3.663102,-1.556551,-1.835888,7.532298,-2.122861
293,-5.318239,7.768062,8.578810,-1.985030,-6.300777,2.071960,-0.556259,0.053302,-0.095702,-5.374741,-7.596509,-9.114101,-6.183035,8.094665,3.643904,-0.437198,1.084706,-4.463993
294,1.646132,-8.139177,-6.602115,-5.476652,8.795102,9.319928,1.938869,7.137003,-0.871615,-4.880651,1.931612,6.832581,-4.830280,4.832136,9.549225,2.350194,-4.624416,-1.371340
295,-4.414211,-2.620109,5.492130,4.581371,1.635169,2.076295,-7.767942,0.765769,-3.920875,-1.226998,-1.042150,-7.758563,-0.132357,0.229976,-1.351778,0.567609,0.476611,-5.326678
296,3.204409,-6.468132,3.649672,3.489906,-7.330761,4.721229,3.123444,2.439540,5.853299,-8.766945,5.736542,9.148829,-0.662063,-2.287318,1.714193,6.111240,-8.242553,-7.424439
297,2.320975,-2.603607,1.183813,-3.542142,-8.160516,-0.887499,-7.161731,-4.977653,6.500113,-5.413799,-1.087632,-2.013603,-0.937529,8.496355,-9.274426,-0.968139,-2.646483,4.489065
298,-2.792422,-4.590415,3.139821,7.078354,-8.558012,-2.908006,-2.394091,3.988943,9.265857,3.118006,7.092216,1.628311,3.172008,-7.303616,1.165708,0.161874,2.011047,0.431267
299,9.177690,-1.855881,-3.011962,3.811362,1.853488,-8.082176,-0.148824,2.544600,-7.929411,-4.063278,-7.474841,-1.441766,-4.521387,9.827403,1.433508,4.585281,-8.849569,-8.022879
300,3.060169,1.354620,-0.682974,-4.547235,-6.115120,-5.697301,-0.802014,-6.117923,-4.228575,-7.995212,-3.971518,8.627216,-3.697382,9.386518,-2.351182,-4.694451,2.531927,9.899677
301,6.476933,-5.043466,-4.523077,-5.688715,7.697855,-1.545497,-2.226754,-3.191270,6.472601,-0.570565,-6.863515,8.825180,-1.918288,-5.938901,8.462105,8.632245,-8.814078,-7.214781
302,-5.496731,3.622683,-6.055687,5.012519,-5.615234,-5.012573,6.018896,-2.220146,2.496482,-1.486326,9.810773,-5.290124,-3.236109,5.618074,1.956681,4.736105,-6.337320,-4.561713
303,0.106512,-8.241128,9.467709,6.316988,-9.535935,-3.847978,-2.560055,7.931518,-4.360849,1.348734,-7.550566,7.417301,1.281203,-5.984530,4.442229,-2.652916,4.571889,2.539897
304,7.588744,3.568266,-1.160092,-3.830116,7.388379,7.386302,9.002529,-9.686347,7.842008,6.920700,7.330784,2.615868,4.460304,4.624801,-9.213652,-3.169017,3.393318,-3.400724
305,3.240772,3.633067,1.030420,8.576847,9.916783,-7.328647,-4.994481,8.129169,-6.409838,3.079849,-4.861950,-2.428409,2.054690,6.242721,-9.031168,-0.879837,-6.985064,8.175209
306,8.874362,-9.343304,-9.828393,-1.294548,-0.086727,8.036020,3.349688,-1.817955,0.020853,1.700789,3.440539,-9.239933,1.264089,-7.387447,0.941533,4.726130,-5.739314,-0.165992
307,-4.186273,4.191690,-6.383961,8.901931,-8.565408,-4.829951,3.522827,1.570902,-6.202215,3.973194,-9.714750,-1.914549,0.893021,-1.823478,1.396359,-6.412999,6.987603,7.755232
308,5.088842,-5.070533,-2.384097,-6.779432,4.452069,8.657143,9.076517,-4.268964,-2.791737,0.210462,9.827188,0.273387,2.496433,3.130909,-8.597862,1.634033,-8.016096,6.337148
309,-4.649070,0.753171,5.911967,6.519111,-6.617833,-4.858282,-3.204192,3.545757,-6.785854,-0.423705,-1.448275,6.493012,2.295693,0.259580,-6.243461,0.274738,-2.383106,1.278250
310,-8.933836,2.101024,-4.115068,-7.275552,-3.471526,9.396867,5.444572,-6.846456,-0.539479,-7.719896,3.089210,-4.048073,-1.832530,6.774572,-4.454611,-4.476281,2.799525,5.455266
311,2.539913,3.915379,-8.144288,-1.611949,7.146258,-4.581242,-3.265887,9.306867,-7.085421,-6.987853,-4.237196,-8.238086,-5.147685,9.209405,-0.409062,2.930429,-4.762449,-9.680054
312,-6.722687,0.511527,2.632129,0.051589,6.200824,3.557629,-1.169974,-2.898502,3.295875,-2.855483,-5.379471,1.610574,-0.982673,5.784960,-2.977600,-2.871162,1.026282,0.386599
313,-6.789153,7.245288,-8.885875,-2.056002,1.512339,-1.247197,-6.823310,-7.250467,-6.420812,-7.193376,6.801293,0.788969,0.302996,-4.232988,-1.722055,5.855472,-6.122434,-4.725510
314,5.319291,-8.892128,-0.161651,4.653105,9.836788,7.550477,-4.754535,9.761166,-8.523130,3.246969,-2.373226,-0.540563,-3.170551,2.051865,9.751699,-1.238966,0.209469,7.995499
315,-2.537159,-5.988770,-9.360924,-6.058732,1.057172,2.740457,-5.941172,0.791388,-5.041097,2.458773,-1.845491,7.963707,0.006193,-3.301790,5.120440,-2.708082,5.832729,3.760886
316,7.158144,-8.654428,0.867281,-0.264728,7.638514,0.283589,-2.751467,-8.146032,7.815917,-4.880427,0.740899,7.193021,0.701251,7.345549,-6.348911,-7.888435,5.287881,8.375851
317,-0.460072,2.772961,-1.948480,-4.923062,6.091173,4.395249,6.246739,-1.448939,-6.514832,-0.766858,-4.600464,-8.529180,-3.737271,6.960374,4.234453,0.515808,-2.380570,-5.584364
318,-1.779190,5.247036,2.248130,1.750205,-6.724744,1.892184,-6.744603,7.646703,6.679897,-1.786325,4.888473,-5.756543,1.875825,-5.319924,-3.450617,1.949154,1.652817,-8.097060
319,2.565447,6.941183,7.058550,4.215069,9.608599,-3.765497,5.811111,-8.617815,8.614488,3.666993,7.975431,0.153754,-0.608124,6.897365,-0.226300,1.921838,-6.868631,3.106254
320,-0.138921,-6.829207,-3.174860,1.552643,-2.329592,0.776606,1.326085,-5.230054,-6.551261,1.418175,-0.339577,1.350004,3.091713,-2.008905,-5.955752,-7.509474,9.505693,9.814978
321,1.665494,-9.758628,-3.160881,3.515803,-5.050959,4.039241,9.058294,-1.729743,4.434767,5.435514,-5.767894,8.921194,0.156632,0.902654,5.687302,-3.296588,2.259492,5.730277
322,-1.911545,-3.441745,-1.346144,6.107761,1.794559,0.886415,1.894390,-3.495850,1.383986,-9.575755,0.174222,-0.433405,-2.602249,8.757259,-6.715515,-3.768382,2.576122,3.516353
323,5.888844,-4.832569,-2.724747,7.040857,-4.369857,-4.977560,1.965353,-9.125291,9.283193,7.292683,-1.165220,-6.698154,2.742519,-1.374530,1.949511,-1.951256,-0.063342,-1.396242
324,-3.673262,-0.934116,-3.123843,6.503582,2.147439,1.258263,-4.092664,0.217575,-2.508872,6.447531,6.636122,-5.790836,0.294167,-2.750987,6.966719,-2.484476,2.571802,7.904329
325,0.644397,-2.764689,2.280941,1.604970,-0.642619,3.274146,-0.683014,5.655992,-5.929340,3.448484,-3.771546,-4.690355,-0.897706,-4.590344,9.304452,-2.645380,4.623434,2.034624
326,5.929314,-1.536824,3.362752,-4.830658,4.143015,5.610601,5.724412,-7.347843,1.721090,6.281861,9.694409,-1.698899,6.395809,-5.977474,-8.572378,1.796200,-1.158123,-3.994379
327,-1.108550,5.170942,4.152999,5.754682,-4.934018,-4.386826,-0.210214,4.074873,-2.014568,6.628422,-8.648942,-9.204045,-0.988168,-4.585230,8.152709,-0.919518,0.393169,7.438136
328,5.294271,9.580733,-4.111001,-0.642874,4.033226,9.392910,-1.995111,6.935268,9.653718,-0.592199,8.946639,7.688962,-2.586017,7.843940,9.205458,-1.659283,-5.879769,7.499649
329,8.956421,-6.363866,0.255635,7.666853,-2.762185,-9.109619,-1.284106,-2.934244,-1.639434,6.147475,1.471321,5.813416,2.451777,-2.328959,-0.731164,3.710781,-2.916662,-7.121632
330,-5.865177,-1.710209,6.450333,6.353867,-6.291814,-0.125555,8.393865,3.793381,-6.995536,-4.316572,8.549064,0.461230,-3.878079,7.976832,4.638325,-1.886929,-3.337686,9.474680
331,1.848744,8.549215,-2.344076,4.352394,8.479108,3.762934,0.393270,0.924966,5.567276,9.906521,9.395233,-9.929395,3.326578,9.846406,-9.229379,-5.711209,4.524977,-1.841627
332,-3.227809,1.359569,-9.822110,1.589960,-1.614987,7.014256,-6.112620,-1.621157,-3.906142,4.713672,-7.048268,-8.442588,3.431479,-9.591037,-4.561329,2.303215,4.130848,-8.741653
333,5.463138,0.052505,-9.740708,-3.490345,8.900735,8.197060,-2.745575,8.793423,-2.133499,5.310208,4.860737,8.005581,2.260534,-3.348600,3.460502,5.284945,-7.091902,-7.902674
334,-5.149820,1.662816,5.385929,2.787948,-7.060202,3.051631,-6.884398,-4.237793,-3.625739,8.087800,-3.208524,-9.543686,2.480901,-0.544982,-8.102260,1.245974,1.472874,-3.452483
335,-4.514279,3.275446,0.721388,6.368089,8.286326,4.728659,4.243388,6.605451,2.315807,4.065843,1.516679,7.250036,3.565142,5.328526,-9.544496,-5.620616,5.412245,3.416141
336,-4.581178,9.908244,-6.254396,1.413067,-1.173624,5.938412,-9.957646,2.812936,5.663264,3.814952,1.685676,8.893137,3.322926,-5.132570,-4.351492,-2.178777,6.312594,7.445259
337,-4.399957,-2.846805,-7.900688,3.324553,-1.956159,-7.403682,-2.083318,-6.025245,8.496024,-7.737373,7.714340,1.024025,-2.556330,-0.146088,2.864788,0.786153,-1.208945,3.744989
338,2.018011,-8.427881,-0.482257,7.511721,-1.568812,4.975741,1.529918,5.575427,-3.403206,7.911767,-4.989170,-5.968747,3.254943,4.410192,-8.585092,-2.046763,1.565521,-7.605685
339,5.224060,-4.107757,2.462825,4.328933,2.753556,-2.495061,-4.916243,-5.224997,3.119351,-1.943262,-6.063280,-6.263235,-0.139075,2.630258,-5.804557,4.980068,-8.752793,-6.204840
340,-5.239392,4.173181,-1.424898,2.688241,6.831401,-9.400765,-0.807847,-5.464201,-2.847429,8.106619,-8.640267,5.830820,5.551728,-9.031358,-5.874602,-3.485076,7.318360,6.128298
341,3.853789,5.846450,2.611490,4.408619,-5.793973,-3.683137,4.374380,7.626700,8.904170,-5.381387,0.032467,8.941935,-2.730626,2.747358,5.881109,2.443088,-2.623224,-9.389343
342,-8.459128,-4.744734,2.814668,0.839911,-4.020018,1.189172,3.872492,-6.597998,8.921313,2.008456,1.329083,-7.802836,2.528816,2.231446,-8.353438,-3.351197,0.539443,6.669430
343,2.363260,-6.377291,5.471372,-9.792146,-8.044726,6.606444,1.962836,-9.329060,7.593644,8.756289,-5.988307,3.716363,3.582219,-8.956523,-1.073906,6.470358,-5.030148,-4.601994
344,-7.696892,-7.511426,0.588468,3.880260,-8.642340,4.500590,0.852933,3.764713,-3.277365,6.573072,-3.531582,-0.917480,5.359357,-8.395570,-5.539404,2.437210,2.232108,-9.752415
345,1.737434,-9.420505,-3.910718,1.363679,9.851161,-0.978280,-1.966833,2.482448,-2.074634,6.819788,6.153741,2.949340,5.357208,-8.404395,-0.324549,0.276096,3.583366,-5.378720
346,4.549487,-9.216827,2.160636,4.146660,9.012917,-9.765594,4.944246,-5.281650,3.709769,-7.969284,-3.007924,-5.792613,-6.526914,4.200107,7.892397,1.598679,-3.024168,3.960972
347,-3.131577,7.557919,8.765503,-8.278895,3.618544,5.811606,-5.658647,-2.372728,5.454794,-7.301947,-6.741282,-3.611858,-6.458146,4.703895,8.013767,2.987707,-4.999640,-1.935810
348,-3.676040,2.250729,0.370329,-4.775397,4.508541,9.438923,4.631504,-5.379934,-6.048511,5.440436,6.322219,-6.205152,4.405555,-7.472291,-4.570475,3.822134,-4.399644,0.038360
349,0.026260,-2.897998,7.272338,0.910167,4.928662,-8.673382,0.434592,7.885179,5.830101,9.985768,-6.054099,1.153858,5.262972,-9.105495,-2.169001,-0.332729,4.151467,-0.488980
350,4.861503,-5.786748,-8.755347,1.950222,2.445496,0.810571,1.228741,-7.222479,3.588633,-6.814549,7.860231,-0.158732,-0.686993,2.582696,-2.596871,4.218939,-6.221982,-6.980413
351,-3.036213,3.146371,5.880615,-1.287077,-9.587483,9.008170,-4.092249,-0.577752,-6.463112,-3.545614,2.068965,3.161226,1.425153,2.321335,-7.381385,-0.310462,-0.573956,-1.217641
352,1.831092,7.377987,-6.036861,-1.396478,-7.022862,3.296531,-1.518302,-7.266523,4.910857,-1.487989,-9.044636,0.562118,-0.289146,-3.035409,1.445329,0.280407,-3.909534,9.201504
353,1.700082,-6.575845,6.885227,3.185576,3.181655,-0.423136,1.982400,8.921127,-2.900820,1.025387,0.148854,-6.028296,1.157188,2.346117,-3.665654,-2.229247,2.179126,-2.183838
354,2.384759,-1.771523,-9.249711,-3.167338,-9.492468,5.003193,3.477573,0.243805,7.953571,4.811360,4.390461,6.787408,7.412866,-7.968694,-8.941606,-6.551213,9.417460,8.668119
355,-7.887861,4.052924,3.074199,9.985287,-3.993113,-1.771557,7.809507,-2.496330,-1.195093,-5.456033,6.234667,-5.443597,-4.036880,2.476698,7.146454,2.997415,-0.756407,-9.819373
356,1.240311,-6.771150,-1.697958,-8.742693,-7.646980,9.664223,-9.927415,2.915862,-6.996777,1.499608,7.476155,7.071137,0.560632,-8.761273,8.667883,7.561865,-9.076401,1.220580
357,5.207643,0.408070,3.219332,-2.706494,7.497794,-5.623601,-5.084424,8.563041,-2.387343,9.596569,7.248002,3.243931,9.114740,-7.485635,-8.946536,-4.873056,5.013154,5.167966
358,-7.535610,-4.925363,7.769463,-2.924254,-8.114130,8.773316,9.080619,4.339640,-8.437758,4.348688,-9.521199,-3.021342,3.466927,-0.173306,-6.924984,-8.133754,9.346997,7.136649
359,-0.771142,6.083054,-0.922031,5.455799,7.328382,-1.021095,0.448454,3.646695,4.804461,-2.866045,4.726037,-1.949062,-2.784328,5.684662,4.204743,-1.045809,1.023845,-4.684583
360,6.352045,-4.610933,1.214553,-2.091341,3.339808,6.487214,-3.855632,1.040735,9.249621,-5.663654,5.419361,6.799345,0.313894,3.324781,-1.185692,-6.113509,3.951954,8.854123
361,6.673629,-0.482805,2.056366,9.532978,-6.627316,4.505107,6.656323,2.646756,5.846021,5.581026,1.597261,2.124333,2.601444,-0.163705,1.568519,-2.039440,-3.177772,6.856210
362,3.001214,7.126345,-7.493360,3.643819,4.055988,2.577740,-4.634521,6.240539,-5.087924,5.751390,-3.616684,-1.051533,4.216311,-8.260112,-2.339409,-5.451424,9.716962,5.746931
363,-2.594843,7.528057,-2.818962,4.786417,4.107077,-2.937262,-5.224639,-9.434130,7.237377,1.657827,9.785728,-4.277186,3.191731,-3.411288,-5.935549,4.188816,-5.452800,-2.019633
364,-4.754269,4.191748,-2.990502,0.972876,3.076712,-8.141014,-6.226140,1.326417,-5.588536,-8.573837,3.788046,-5.618642,-4.106569,-3.706935,9.124779,0.320646,-0.977397,8.010233
365,-0.904409,-3.327336,-1.094022,-8.105222,-1.736809,6.440424,-0.854428,-7.489916,-0.334011,7.910250,-8.024750,9.692974,2.734814,0.273848,-3.105777,-4.769644,7.322478,5.463873
366,3.248128,-4.724565,1.597377,4.490659,9.219170,-1.152139,3.971442,-9.300627,-9.916107,3.707395,-4.693625,9.393966,6.480713,-9.383321,-8.373390,1.286863,2.353403,-5.074365
367,-2.986799,9.202172,7.422509,-2.145635,-1.220722,7.632271,-3.464020,5.640040,-3.999647,-5.038419,5.972016,2.301838,2.567545,0.964089,-7.956838,-6.670018,6.917057,7.458189
368,3.291096,-3.572822,4.472533,9.566014,-5.850160,0.409753,7.281439,-5.042262,-3.467293,-0.044456,-6.935601,9.438154,0.138150,-6.296059,6.778154,4.238324,-6.518505,0.693948
369,-3.760459,-0.866214,-9.848363,-2.758614,9.867587,-9.351736,-6.743114,8.854018,9.027958,-2.373788,-4.639538,-4.529254,0.679168,-8.959157,3.677002,0.893916,4.178787,-6.272274
370,9.067759,-6.158275,0.895190,-7.049132,6.187206,-3.479306,-2.687918,-7.510178,1.598589,-8.379792,2.086361,-4.718088,-5.354662,6.813141,6.221792,-0.253958,-3.664934,3.297684
371,-0.905916,-1.800819,-9.400805,1.617615,-2.869669,2.158992,-0.656788,5.652317,2.327045,-6.712313,-2.163354,-7.302785,-3.287888,5.603885,-0.587107,-0.018166,-1.318612,-3.455676
372,-1.551757,0.275673,-2.891959,6.738159,-9.576606,5.680966,0.136074,-5.944250,3.926279,9.789365,6.315590,2.443826,2.929666,-4.841601,5.380389,-2.689669,7.015529,-1.977990
373,-4.573411,1.466375,-7.634884,-0.535815,4.756810,8.293903,-6.743552,3.235785,-2.440804,-8.718679,-4.951046,1.106803,-6.547315,2.535161,7.456878,5.937865,-8.804096,0.718100
374,-4.446737,-5.068503,5.553294,2.759715,-3.237246,-7.509128,-9.333408,4.963322,6.264189,-3.947248,4.566325,-9.635149,-4.218925,-1.067878,8.367621,4.004526,-2.212675,-6.358948
375,-6.118134,-1.061126,2.499728,0.029582,8.663107,-6.810549,-3.821922,9.329773,9.435560,4.999929,-8.826453,-8.209256,1.939358,1.037376,-6.737538,-0.160767,-0.733323,-0.721023
376,-8.016613,0.519081,8.120826,0.198745,2.554920,-9.596839,-4.437000,0.690877,3.643127,9.570087,7.505408,-5.402733,5.243019,-8.558277,-1.647620,6.349424,-8.807730,-1.834160
377,5.027350,-6.090428,-3.151296,-4.302460,-5.227630,4.554829,-3.043886,7.487209,6.162502,-9.208270,7.286017,2.695159,-2.821399,6.287420,-0.002926,-6.218770,5.594199,8.854439
378,-7.877627,-0.163597,8.755779,-1.208092,5.728351,2.247187,-9.429749,0.064322,-4.798862,-4.243213,4.635706,-2.811018,1.319230,0.171836,-9.404939,-1.297852,3.178150,1.588975
379,2.154699,-3.425351,8.312964,-2.562447,1.173668,2.176602,-0.522665,-7.390852,-2.913908,-7.657272,3.006181,0.253094,-0.599763,7.660949,-9.127838,-1.303677,-1.190955,-0.333184
380,-1.647227,-0.005755,-6.178874,-1.838653,1.661257,6.337089,7.372278,-6.589858,1.032554,-3.098915,7.684964,-7.748863,0.050121,6.217070,-4.718704,-6.750583,8.933936,-1.031347
381,0.833945,-3.371775,3.074321,3.310817,2.235170,-1.276094,-8.298317,-5.560558,8.465333,-6.769720,-3.145657,5.178582,-2.050587,-3.788537,3.988422,-0.072297,6.481008,-5.488035
382,-8.228958,-6.221570,7.975499,-4.397246,9.120278,-4.317586,1.957182,8.002455,-2.067259,-0.649792,8.261003,-3.352932,-0.563040,2.588237,-0.483022,1.750996,-7.411027,8.328155
383,1.495579,6.262347,-6.023578,-7.654558,5.142332,0.696343,-4.264619,7.111868,4.833721,1.436235,-9.888964,-9.227145,-1.834539,4.428627,0.063115,-0.255619,-5.368532,8.114037
384,-4.243977,-2.459170,3.452927,-1.293724,0.611434,-0.960380,-2.369956,4.802336,6.385243,3.442781,-0.869030,-9.496077,1.565133,-1.327400,-5.568861,-1.584262,1.648915,4.901123
385,1.533902,8.461829,-1.967735,6.446508,-7.407736,4.243192,0.984666,-8.955801,-9.396844,-1.570083,7.558578,-8.459947,0.819579,-4.490690,1.411741,2.502815,-1.796273,-5.644822
386,-9.460228,5.256718,0.553831,-0.669749,6.606081,1.023893,8.214600,-8.751079,-1.348877,-1.674223,0.776327,7.762954,2.326504,-7.481063,-0.945823,0.977739,5.908410,-8.970471
387,-0.892597,-7.784201,0.138910,-0.212192,0.234078,-2.210188,5.069147,-2.625330,2.043932,-1.781331,1.193689,-6.819044,-2.460749,2.381879,6.276027,-3.084857,1.380845,5.600161
388,-6.334905,1.871532,-0.698364,6.158118,5.791938,-4.966645,8.322376,-1.071991,-1.925898,9.562908,-5.903915,0.130286,4.747671,1.912263,-7.636069,-8.021974,7.319439,8.724805
389,0.500375,-9.227140,2.284005,-0.222588,-9.787852,-5.993787,-6.982340,-1.831026,-9.372920,-7.599009,7.606128,-0.718519,-0.929946,2.163019,-4.455372,-0.709063,3.772676,-6.432711
390,-0.706535,0.874530,-1.219846,7.346914,9.183017,-6.903793,6.527080,-0.568734,4.105485,-0.781981,9.295655,-0.133078,-3.807897,9.947951,7.871286,-5.533466,4.847174,2.050068
391,1.231222,-9.810163,5.056521,1.247132,8.957795,-4.881759,8.676423,0.048550,-5.684663,-5.869884,3.071131,8.454494,-1.299915,4.664433,0.909348,1.131665,-4.728048,-2.334120
392,3.092348,-9.044491,8.479917,-3.507425,-9.638438,-5.916447,2.317171,1.882764,-8.967729,-0.535745,0.733898,-4.777625,-3.013281,-0.937762,7.352337,4.521869,-5.842184,1.940350
393,-3.957597,5.027178,3.931986,9.184342,1.147601,-4.033776,-7.658641,5.926571,2.634018,1.509763,-9.173411,2.801171,1.842338,-4.937011,-1.589640,3.006819,-4.232073,-2.509820
394,5.685829,-4.836424,-7.121903,2.380366,-8.384734,8.962776,-3.327886,-6.233327,9.115350,-2.971395,1.220778,-8.945837,-3.623025,-3.111389,8.345067,4.088197,-5.996701,6.387946
395,-0.397199,-0.879421,3.156920,-4.281823,6.246673,-4.849759,8.094086,-8.948029,-6.837411,-6.561884,-1.219891,-4.189664,-2.021438,3.411417,0.638731,-4.671439,5.124247,0.910029
396,2.383347,1.524870,-8.366715,6.391961,5.828401,-6.338957,7.923236,-2.178303,-6.124016,2.763870,2.058817,7.579933,1.939084,1.004270,-0.289131,3.440726,-8.417914,-4.642276
397,4.570493,-1.630363,0.117403,-2.456182,-8.915365,5.963102,-4.914089,8.719306,3.744879,7.819761,-6.346884,2.164068,3.287505,1.125868,-7.870229,2.869552,-3.786074,-4.380045
398,7.377927,-5.838425,-6.403862,2.574598,-0.304799,2.384521,-9.569999,2.308182,-1.591388,4.888494,3.294075,6.558771,6.210412,-8.893829,-5.328430,4.716995,-3.743110,-8.302290
399,-7.595141,0.521608,4.417666,-0.888740,-5.242565,-1.088245,-3.513623,0.571808,6.676522,-7.420840,-6.384327,-3.941415,-4.688284,8.484076,1.867120,-8.200677,9.721247,4.072249
400,-5.067615,-7.458895,3.533496,-4.424948,5.987766,-5.058506,-0.609783,3.019299,-3.939895,3.230071,-7.608466,-0.523998,-0.569312,-3.232801,5.569841,2.252025,-2.680644,-1.252394
401,-6.322087,-8.733550,2.998306,2.936234,9.722460,-2.675067,1.598014,7.836165,-3.669631,7.129566,4.384402,0.552498,6.385561,-5.866252,-6.324790,-6.377226,8.102714,8.544560
402,-9.296720,2.722675,-5.164002,-2.189388,8.399603,0.095140,-9.370078,7.279173,-0.977126,-9.014196,2.436944,4.250724,-4.383888,1.623905,5.739238,0.986778,2.439470,-6.833379
403,-2.964033,-3.163715,1.714234,-2.293897,1.607782,2.687848,-5.712608,4.288972,-5.525224,-4.389160,9.501235,-3.411708,-1.191597,-2.787372,7.305749,-2.263313,4.288731,-2.234719
404,4.256569,-1.872065,-8.597376,7.418157,-8.903458,6.475896,7.816223,-3.129127,7.786952,-3.536690,2.892534,-7.325354,-6.391357,6.925690,9.059390,2.327843,-6.206651,1.998154